DayOfYear,LocalHour,Altitude_deg,Azimuth_deg
1,0,-72.3805,0.9852
2,0,-72.3062,0.6419
3,0,-72.2238,0.3040
4,0,-72.1333,359.9720
5,0,-72.0348,359.6467
6,0,-71.9283,359.3285
7,0,-71.8138,359.0179
8,0,-71.6916,358.7155
9,0,-71.5616,358.4216
10,0,-71.4240,358.1368
11,0,-71.2789,357.8613
12,0,-71.1263,357.5955
13,0,-70.9663,357.3397
14,0,-70.7991,357.0941
15,0,-70.6247,356.8590
16,0,-70.4433,356.6345
17,0,-70.2550,356.4207
18,0,-70.0598,356.2178
19,0,-69.8580,356.0258
20,0,-69.6496,355.8448
21,0,-69.4347,355.6747
22,0,-69.2135,355.5156
23,0,-68.9861,355.3674
24,0,-68.7525,355.2300
25,0,-68.5130,355.1034
26,0,-68.2677,354.9875
27,0,-68.0166,354.8820
28,0,-67.7599,354.7869
29,0,-67.4977,354.7019
30,0,-67.2302,354.6270
31,0,-66.9574,354.5619
32,0,-66.6795,354.5063
33,0,-66.3966,354.4602
34,0,-66.1088,354.4233
35,0,-65.8162,354.3953
36,0,-65.5191,354.3760
37,0,-65.2174,354.3651
38,0,-64.9113,354.3625
39,0,-64.6009,354.3678
40,0,-64.2864,354.3809
41,0,-63.9678,354.4013
42,0,-63.6453,354.4290
43,0,-63.3190,354.4636
44,0,-62.9889,354.5049
45,0,-62.6553,354.5527
46,0,-62.3182,354.6066
47,0,-61.9777,354.6663
48,0,-61.6340,354.7318
49,0,-61.2871,354.8026
50,0,-60.9372,354.8786
51,0,-60.5844,354.9595
52,0,-60.2287,355.0451
53,0,-59.8703,355.1351
54,0,-59.5093,355.2292
55,0,-59.1458,355.3273
56,0,-58.7799,355.4291
57,0,-58.4117,355.5344
58,0,-58.0413,355.6430
59,0,-57.6688,355.7545
60,0,-57.2944,355.8689
61,0,-56.9180,355.9859
62,0,-56.5399,356.1053
63,0,-56.1600,356.2268
64,0,-55.7786,356.3503
65,0,-55.3957,356.4756
66,0,-55.0114,356.6025
67,0,-54.6258,356.7308
68,0,-54.2390,356.8602
69,0,-53.8512,356.9907
70,0,-53.4623,357.1220
71,0,-53.0725,357.2540
72,0,-52.6820,357.3865
73,0,-52.2907,357.5194
74,0,-51.8988,357.6524
75,0,-51.5064,357.7854
76,0,-51.1136,357.9182
77,0,-50.7205,358.0508
78,0,-50.3272,358.1829
79,0,-49.9338,358.3144
80,0,-49.5403,358.4452
81,0,-49.1469,358.5751
82,0,-48.7536,358.7041
83,0,-48.3607,358.8319
84,0,-47.9681,358.9585
85,0,-47.5759,359.0838
86,0,-47.1843,359.2076
87,0,-46.7934,359.3298
88,0,-46.4032,359.4503
89,0,-46.0138,359.5691
90,0,-45.6254,359.6860
91,0,-45.2381,359.8009
92,0,-44.8518,359.9137
93,0,-44.4669,0.0244
94,0,-44.0832,0.1329
95,0,-43.7010,0.2391
96,0,-43.3203,0.3429
97,0,-42.9413,0.4442
98,0,-42.5639,0.5431
99,0,-42.1885,0.6393
100,0,-41.8149,0.7330
101,0,-41.4433,0.8240
102,0,-41.0739,0.9122
103,0,-40.7067,0.9977
104,0,-40.3418,1.0804
105,0,-39.9793,1.1602
106,0,-39.6194,1.2371
107,0,-39.2620,1.3111
108,0,-38.9074,1.3821
109,0,-38.5556,1.4502
110,0,-38.2066,1.5153
111,0,-37.8607,1.5774
112,0,-37.5179,1.6365
113,0,-37.1783,1.6925
114,0,-36.8420,1.7456
115,0,-36.5090,1.7955
116,0,-36.1796,1.8425
117,0,-35.8537,1.8864
118,0,-35.5316,1.9273
119,0,-35.2132,1.9652
120,0,-34.8986,2.0000
121,0,-34.5880,2.0319
122,0,-34.2815,2.0608
123,0,-33.9791,2.0868
124,0,-33.6810,2.1098
125,0,-33.3871,2.1299
126,0,-33.0977,2.1472
127,0,-32.8128,2.1616
128,0,-32.5325,2.1732
129,0,-32.2569,2.1820
130,0,-31.9860,2.1881
131,0,-31.7200,2.1915
132,0,-31.4589,2.1922
133,0,-31.2028,2.1903
134,0,-30.9519,2.1859
135,0,-30.7061,2.1789
136,0,-30.4655,2.1695
137,0,-30.2304,2.1577
138,0,-30.0006,2.1435
139,0,-29.7763,2.1269
140,0,-29.5575,2.1082
141,0,-29.3444,2.0872
142,0,-29.1370,2.0641
143,0,-28.9353,2.0389
144,0,-28.7395,2.0117
145,0,-28.5496,1.9825
146,0,-28.3657,1.9515
147,0,-28.1878,1.9186
148,0,-28.0159,1.8839
149,0,-27.8502,1.8475
150,0,-27.6907,1.8096
151,0,-27.5375,1.7700
152,0,-27.3906,1.7289
153,0,-27.2500,1.6864
154,0,-27.1158,1.6426
155,0,-26.9881,1.5975
156,0,-26.8668,1.5511
157,0,-26.7521,1.5036
158,0,-26.6440,1.4550
159,0,-26.5424,1.4054
160,0,-26.4476,1.3549
161,0,-26.3593,1.3035
162,0,-26.2778,1.2514
163,0,-26.2031,1.1985
164,0,-26.1350,1.1450
165,0,-26.0738,1.0909
166,0,-26.0194,1.0363
167,0,-25.9717,0.9813
168,0,-25.9309,0.9259
169,0,-25.8970,0.8703
170,0,-25.8699,0.8145
171,0,-25.8497,0.7586
172,0,-25.8363,0.7027
173,0,-25.8298,0.6467
174,0,-25.8302,0.5909
175,0,-25.8374,0.5353
176,0,-25.8516,0.4799
177,0,-25.8725,0.4248
178,0,-25.9004,0.3702
179,0,-25.9350,0.3161
180,0,-25.9765,0.2625
181,0,-26.0248,0.2095
182,0,-26.0798,0.1573
183,0,-26.1417,0.1059
184,0,-26.2102,0.0553
185,0,-26.2855,0.0056
186,0,-26.3674,359.9570
187,0,-26.4560,359.9095
188,0,-26.5513,359.8631
189,0,-26.6530,359.8180
190,0,-26.7614,359.7742
191,0,-26.8762,359.7318
192,0,-26.9975,359.6908
193,0,-27.1252,359.6514
194,0,-27.2592,359.6136
195,0,-27.3996,359.5775
196,0,-27.5462,359.5431
197,0,-27.6991,359.5106
198,0,-27.8581,359.4800
199,0,-28.0231,359.4514
200,0,-28.1942,359.4247
201,0,-28.3713,359.4003
202,0,-28.5543,359.3779
203,0,-28.7432,359.3579
204,0,-28.9378,359.3401
205,0,-29.1381,359.3248
206,0,-29.3440,359.3119
207,0,-29.5556,359.3015
208,0,-29.7726,359.2937
209,0,-29.9950,359.2885
210,0,-30.2228,359.2860
211,0,-30.4558,359.2863
212,0,-30.6940,359.2894
213,0,-30.9373,359.2953
214,0,-31.1857,359.3042
215,0,-31.4390,359.3161
216,0,-31.6971,359.3310
217,0,-31.9600,359.3490
218,0,-32.2276,359.3701
219,0,-32.4998,359.3944
220,0,-32.7765,359.4219
221,0,-33.0576,359.4527
222,0,-33.3430,359.4868
223,0,-33.6327,359.5242
224,0,-33.9265,359.5649
225,0,-34.2244,359.6091
226,0,-34.5263,359.6567
227,0,-34.8320,359.7078
228,0,-35.1415,359.7624
229,0,-35.4547,359.8205
230,0,-35.7715,359.8821
231,0,-36.0917,359.9472
232,0,-36.4154,0.0159
233,0,-36.7424,0.0882
234,0,-37.0725,0.1640
235,0,-37.4058,0.2434
236,0,-37.7421,0.3264
237,0,-38.0814,0.4130
238,0,-38.4234,0.5031
239,0,-38.7682,0.5968
240,0,-39.1156,0.6940
241,0,-39.4656,0.7948
242,0,-39.8179,0.8991
243,0,-40.1727,1.0069
244,0,-40.5297,1.1181
245,0,-40.8888,1.2328
246,0,-41.2500,1.3508
247,0,-41.6131,1.4723
248,0,-41.9782,1.5970
249,0,-42.3449,1.7250
250,0,-42.7134,1.8562
251,0,-43.0835,1.9906
252,0,-43.4550,2.1281
253,0,-43.8280,2.2687
254,0,-44.2022,2.4122
255,0,-44.5777,2.5587
256,0,-44.9543,2.7080
257,0,-45.3319,2.8600
258,0,-45.7105,3.0148
259,0,-46.0899,3.1721
260,0,-46.4700,3.3320
261,0,-46.8509,3.4943
262,0,-47.2323,3.6589
263,0,-47.6142,3.8257
264,0,-47.9965,3.9946
265,0,-48.3791,4.1656
266,0,-48.7619,4.3384
267,0,-49.1449,4.5130
268,0,-49.5279,4.6893
269,0,-49.9109,4.8671
270,0,-50.2938,5.0463
271,0,-50.6764,5.2268
272,0,-51.0588,5.4084
273,0,-51.4407,5.5910
274,0,-51.8222,5.7744
275,0,-52.2032,5.9585
276,0,-52.5835,6.1432
277,0,-52.9631,6.3283
278,0,-53.3419,6.5135
279,0,-53.7197,6.6989
280,0,-54.0966,6.8841
281,0,-54.4725,7.0691
282,0,-54.8472,7.2536
283,0,-55.2206,7.4374
284,0,-55.5927,7.6204
285,0,-55.9634,7.8024
286,0,-56.3327,7.9832
287,0,-56.7003,8.1626
288,0,-57.0663,8.3404
289,0,-57.4305,8.5164
290,0,-57.7929,8.6904
291,0,-58.1533,8.8621
292,0,-58.5118,9.0314
293,0,-58.8681,9.1980
294,0,-59.2222,9.3617
295,0,-59.5741,9.5223
296,0,-59.9236,9.6796
297,0,-60.2706,9.8332
298,0,-60.6150,9.9831
299,0,-60.9568,10.1288
300,0,-61.2958,10.2702
301,0,-61.6320,10.4071
302,0,-61.9653,10.5391
303,0,-62.2955,10.6661
304,0,-62.6226,10.7877
305,0,-62.9465,10.9037
306,0,-63.2671,11.0138
307,0,-63.5842,11.1177
308,0,-63.8978,11.2153
309,0,-64.2078,11.3062
310,0,-64.5140,11.3901
311,0,-64.8164,11.4668
312,0,-65.1149,11.5359
313,0,-65.4093,11.5973
314,0,-65.6996,11.6506
315,0,-65.9856,11.6956
316,0,-66.2673,11.7320
317,0,-66.5445,11.7595
318,0,-66.8171,11.7778
319,0,-67.0850,11.7868
320,0,-67.3481,11.7860
321,0,-67.6063,11.7754
322,0,-67.8595,11.7546
323,0,-68.1075,11.7234
324,0,-68.3502,11.6816
325,0,-68.5876,11.6290
326,0,-68.8194,11.5654
327,0,-69.0457,11.4906
328,0,-69.2662,11.4044
329,0,-69.4809,11.3066
330,0,-69.6896,11.1973
331,0,-69.8923,11.0762
332,0,-70.0887,10.9432
333,0,-70.2789,10.7984
334,0,-70.4626,10.6416
335,0,-70.6398,10.4729
336,0,-70.8103,10.2924
337,0,-70.9740,10.1000
338,0,-71.1309,9.8959
339,0,-71.2807,9.6801
340,0,-71.4235,9.4530
341,0,-71.5591,9.2147
342,0,-71.6873,8.9653
343,0,-71.8082,8.7054
344,0,-71.9215,8.4350
345,0,-72.0272,8.1547
346,0,-72.1253,7.8649
347,0,-72.2156,7.5659
348,0,-72.2980,7.2583
349,0,-72.3725,6.9426
350,0,-72.4390,6.6194
351,0,-72.4974,6.2893
352,0,-72.5477,5.9528
353,0,-72.5898,5.6108
354,0,-72.6236,5.2638
355,0,-72.6493,4.9125
356,0,-72.6666,4.5578
357,0,-72.6755,4.2003
358,0,-72.6762,3.8408
359,0,-72.6684,3.4801
360,0,-72.6523,3.1190
361,0,-72.6278,2.7582
362,0,-72.5950,2.3984
363,0,-72.5538,2.0405
364,0,-72.5043,1.6852
365,0,-72.4465,1.3332
1,1,-68.1726,40.8166
2,1,-68.1640,40.4731
3,1,-68.1479,40.1209
4,1,-68.1241,39.7607
5,1,-68.0927,39.3930
6,1,-68.0535,39.0185
7,1,-68.0066,38.6378
8,1,-67.9518,38.2516
9,1,-67.8891,37.8606
10,1,-67.8185,37.4653
11,1,-67.7400,37.0665
12,1,-67.6535,36.6649
13,1,-67.5591,36.2612
14,1,-67.4568,35.8559
15,1,-67.3465,35.4497
16,1,-67.2283,35.0434
17,1,-67.1021,34.6375
18,1,-66.9681,34.2327
19,1,-66.8262,33.8295
20,1,-66.6765,33.4285
21,1,-66.5191,33.0303
22,1,-66.3539,32.6354
23,1,-66.1811,32.2444
24,1,-66.0008,31.8577
25,1,-65.8129,31.4757
26,1,-65.6177,31.0989
27,1,-65.4151,30.7277
28,1,-65.2054,30.3625
29,1,-64.9885,30.0035
30,1,-64.7645,29.6511
31,1,-64.5337,29.3056
32,1,-64.2961,28.9673
33,1,-64.0518,28.6362
34,1,-63.8009,28.3128
35,1,-63.5436,27.9970
36,1,-63.2800,27.6890
37,1,-63.0102,27.3890
38,1,-62.7344,27.0971
39,1,-62.4526,26.8132
40,1,-62.1651,26.5375
41,1,-61.8720,26.2700
42,1,-61.5734,26.0106
43,1,-61.2694,25.7594
44,1,-60.9603,25.5163
45,1,-60.6460,25.2813
46,1,-60.3269,25.0542
47,1,-60.0030,24.8350
48,1,-59.6745,24.6236
49,1,-59.3415,24.4200
50,1,-59.0042,24.2239
51,1,-58.6627,24.0352
52,1,-58.3171,23.8538
53,1,-57.9677,23.6796
54,1,-57.6146,23.5123
55,1,-57.2578,23.3519
56,1,-56.8976,23.1981
57,1,-56.5341,23.0508
58,1,-56.1675,22.9098
59,1,-55.7978,22.7749
60,1,-55.4253,22.6459
61,1,-55.0501,22.5226
62,1,-54.6722,22.4048
63,1,-54.2920,22.2924
64,1,-53.9094,22.1851
65,1,-53.5247,22.0828
66,1,-53.1379,21.9852
67,1,-52.7493,21.8922
68,1,-52.3589,21.8035
69,1,-51.9669,21.7190
70,1,-51.5734,21.6385
71,1,-51.1785,21.5617
72,1,-50.7825,21.4885
73,1,-50.3854,21.4188
74,1,-49.9873,21.3522
75,1,-49.5885,21.2887
76,1,-49.1889,21.2280
77,1,-48.7888,21.1700
78,1,-48.3883,21.1144
79,1,-47.9875,21.0613
80,1,-47.5865,21.0102
81,1,-47.1855,20.9612
82,1,-46.7845,20.9140
83,1,-46.3838,20.8685
84,1,-45.9833,20.8246
85,1,-45.5834,20.7820
86,1,-45.1840,20.7406
87,1,-44.7853,20.7004
88,1,-44.3874,20.6611
89,1,-43.9905,20.6226
90,1,-43.5947,20.5849
91,1,-43.2000,20.5477
92,1,-42.8066,20.5110
93,1,-42.4146,20.4746
94,1,-42.0242,20.4385
95,1,-41.6353,20.4025
96,1,-41.2483,20.3666
97,1,-40.8631,20.3305
98,1,-40.4800,20.2944
99,1,-40.0989,20.2579
100,1,-39.7200,20.2212
101,1,-39.3435,20.1840
102,1,-38.9694,20.1464
103,1,-38.5978,20.1082
104,1,-38.2289,20.0693
105,1,-37.8628,20.0298
106,1,-37.4995,19.9896
107,1,-37.1392,19.9486
108,1,-36.7820,19.9067
109,1,-36.4280,19.8640
110,1,-36.0773,19.8203
111,1,-35.7299,19.7757
112,1,-35.3861,19.7301
113,1,-35.0458,19.6834
114,1,-34.7093,19.6357
115,1,-34.3765,19.5870
116,1,-34.0476,19.5371
117,1,-33.7228,19.4862
118,1,-33.4019,19.4341
119,1,-33.0853,19.3810
120,1,-32.7730,19.3267
121,1,-32.4650,19.2713
122,1,-32.1614,19.2148
123,1,-31.8624,19.1572
124,1,-31.5680,19.0985
125,1,-31.2784,19.0387
126,1,-30.9935,18.9779
127,1,-30.7136,18.9160
128,1,-30.4386,18.8531
129,1,-30.1686,18.7891
130,1,-29.9038,18.7243
131,1,-29.6442,18.6585
132,1,-29.3898,18.5918
133,1,-29.1409,18.5242
134,1,-28.8973,18.4558
135,1,-28.6593,18.3865
136,1,-28.4268,18.3166
137,1,-28.2000,18.2459
138,1,-27.9789,18.1746
139,1,-27.7635,18.1027
140,1,-27.5540,18.0302
141,1,-27.3504,17.9572
142,1,-27.1527,17.8838
143,1,-26.9611,17.8099
144,1,-26.7755,17.7357
145,1,-26.5961,17.6613
146,1,-26.4228,17.5866
147,1,-26.2557,17.5117
148,1,-26.0949,17.4367
149,1,-25.9405,17.3617
150,1,-25.7924,17.2867
151,1,-25.6507,17.2118
152,1,-25.5154,17.1371
153,1,-25.3866,17.0625
154,1,-25.2643,16.9883
155,1,-25.1486,16.9144
156,1,-25.0394,16.8409
157,1,-24.9368,16.7679
158,1,-24.8409,16.6955
159,1,-24.7516,16.6237
160,1,-24.6689,16.5527
161,1,-24.5930,16.4824
162,1,-24.5237,16.4129
163,1,-24.4612,16.3444
164,1,-24.4053,16.2768
165,1,-24.3563,16.2103
166,1,-24.3139,16.1450
167,1,-24.2783,16.0808
168,1,-24.2494,16.0179
169,1,-24.2273,15.9564
170,1,-24.2119,15.8963
171,1,-24.2032,15.8378
172,1,-24.2013,15.7808
173,1,-24.2060,15.7254
174,1,-24.2175,15.6718
175,1,-24.2356,15.6199
176,1,-24.2604,15.5699
177,1,-24.2918,15.5219
178,1,-24.3298,15.4759
179,1,-24.3744,15.4320
180,1,-24.4256,15.3902
181,1,-24.4832,15.3507
182,1,-24.5474,15.3134
183,1,-24.6180,15.2786
184,1,-24.6950,15.2462
185,1,-24.7784,15.2164
186,1,-24.8681,15.1891
187,1,-24.9640,15.1645
188,1,-25.0662,15.1427
189,1,-25.1746,15.1237
190,1,-25.2891,15.1076
191,1,-25.4097,15.0944
192,1,-25.5362,15.0843
193,1,-25.6688,15.0772
194,1,-25.8072,15.0733
195,1,-25.9514,15.0727
196,1,-26.1014,15.0754
197,1,-26.2570,15.0815
198,1,-26.4183,15.0910
199,1,-26.5852,15.1040
200,1,-26.7575,15.1206
201,1,-26.9352,15.1408
202,1,-27.1182,15.1648
203,1,-27.3065,15.1925
204,1,-27.5000,15.2241
205,1,-27.6985,15.2595
206,1,-27.9020,15.2990
207,1,-28.1105,15.3424
208,1,-28.3237,15.3900
209,1,-28.5417,15.4416
210,1,-28.7644,15.4975
211,1,-28.9916,15.5576
212,1,-29.2233,15.6220
213,1,-29.4594,15.6908
214,1,-29.6998,15.7640
215,1,-29.9444,15.8416
216,1,-30.1931,15.9238
217,1,-30.4458,16.0105
218,1,-30.7024,16.1018
219,1,-30.9629,16.1977
220,1,-31.2270,16.2983
221,1,-31.4948,16.4036
222,1,-31.7661,16.5137
223,1,-32.0409,16.6285
224,1,-32.3190,16.7482
225,1,-32.6003,16.8726
226,1,-32.8848,17.0020
227,1,-33.1723,17.1363
228,1,-33.4628,17.2754
229,1,-33.7561,17.4195
230,1,-34.0522,17.5685
231,1,-34.3509,17.7225
232,1,-34.6522,17.8815
233,1,-34.9559,18.0454
234,1,-35.2621,18.2143
235,1,-35.5704,18.3882
236,1,-35.8810,18.5671
237,1,-36.1936,18.7509
238,1,-36.5082,18.9396
239,1,-36.8248,19.1334
240,1,-37.1431,19.3320
241,1,-37.4631,19.5356
242,1,-37.7848,19.7440
243,1,-38.1079,19.9573
244,1,-38.4325,20.1754
245,1,-38.7585,20.3983
246,1,-39.0858,20.6260
247,1,-39.4142,20.8584
248,1,-39.7437,21.0954
249,1,-40.0742,21.3371
250,1,-40.4056,21.5833
251,1,-40.7379,21.8341
252,1,-41.0710,22.0893
253,1,-41.4047,22.3489
254,1,-41.7391,22.6128
255,1,-42.0740,22.8809
256,1,-42.4093,23.1533
257,1,-42.7451,23.4297
258,1,-43.0811,23.7101
259,1,-43.4174,23.9945
260,1,-43.7538,24.2827
261,1,-44.0903,24.5746
262,1,-44.4269,24.8702
263,1,-44.7634,25.1693
264,1,-45.0998,25.4719
265,1,-45.4360,25.7778
266,1,-45.7720,26.0869
267,1,-46.1077,26.3991
268,1,-46.4430,26.7142
269,1,-46.7779,27.0323
270,1,-47.1123,27.3531
271,1,-47.4462,27.6764
272,1,-47.7794,28.0023
273,1,-48.1120,28.3304
274,1,-48.4439,28.6608
275,1,-48.7750,28.9932
276,1,-49.1053,29.3275
277,1,-49.4347,29.6636
278,1,-49.7632,30.0013
279,1,-50.0906,30.3404
280,1,-50.4171,30.6807
281,1,-50.7424,31.0222
282,1,-51.0666,31.3647
283,1,-51.3895,31.7079
284,1,-51.7113,32.0518
285,1,-52.0317,32.3961
286,1,-52.3508,32.7406
287,1,-52.6684,33.0852
288,1,-52.9846,33.4297
289,1,-53.2993,33.7739
290,1,-53.6124,34.1175
291,1,-53.9240,34.4605
292,1,-54.2338,34.8026
293,1,-54.5420,35.1437
294,1,-54.8483,35.4834
295,1,-55.1529,35.8216
296,1,-55.4556,36.1581
297,1,-55.7564,36.4927
298,1,-56.0552,36.8251
299,1,-56.3520,37.1551
300,1,-56.6467,37.4826
301,1,-56.9393,37.8072
302,1,-57.2297,38.1287
303,1,-57.5178,38.4470
304,1,-57.8037,38.7617
305,1,-58.0872,39.0726
306,1,-58.3683,39.3795
307,1,-58.6469,39.6822
308,1,-58.9230,39.9803
309,1,-59.1966,40.2736
310,1,-59.4675,40.5618
311,1,-59.7357,40.8448
312,1,-60.0011,41.1221
313,1,-60.2637,41.3936
314,1,-60.5234,41.6590
315,1,-60.7802,41.9179
316,1,-61.0340,42.1702
317,1,-61.2847,42.4154
318,1,-61.5322,42.6534
319,1,-61.7766,42.8839
320,1,-62.0177,43.1065
321,1,-62.2554,43.3210
322,1,-62.4898,43.5270
323,1,-62.7206,43.7244
324,1,-62.9479,43.9127
325,1,-63.1716,44.0916
326,1,-63.3916,44.2610
327,1,-63.6078,44.4205
328,1,-63.8202,44.5697
329,1,-64.0287,44.7085
330,1,-64.2332,44.8365
331,1,-64.4336,44.9535
332,1,-64.6298,45.0591
333,1,-64.8218,45.1531
334,1,-65.0095,45.2353
335,1,-65.1928,45.3053
336,1,-65.3716,45.3629
337,1,-65.5458,45.4079
338,1,-65.7154,45.4401
339,1,-65.8802,45.4592
340,1,-66.0401,45.4651
341,1,-66.1951,45.4575
342,1,-66.3451,45.4363
343,1,-66.4900,45.4013
344,1,-66.6296,45.3524
345,1,-66.7639,45.2895
346,1,-66.8928,45.2125
347,1,-67.0161,45.1214
348,1,-67.1338,45.0160
349,1,-67.2458,44.8964
350,1,-67.3520,44.7626
351,1,-67.4522,44.6146
352,1,-67.5463,44.4525
353,1,-67.6344,44.2764
354,1,-67.7161,44.0864
355,1,-67.7916,43.8827
356,1,-67.8605,43.6655
357,1,-67.9229,43.4350
358,1,-67.9786,43.1914
359,1,-68.0275,42.9352
360,1,-68.0696,42.6665
361,1,-68.1047,42.3858
362,1,-68.1328,42.0934
363,1,-68.1537,41.7899
364,1,-68.1673,41.4756
365,1,-68.1736,41.1510
1,2,-59.0622,64.5756
2,2,-59.0880,64.3313
3,2,-59.1076,64.0767
4,2,-59.1210,63.8122
5,2,-59.1280,63.5381
6,2,-59.1286,63.2547
7,2,-59.1227,62.9623
8,2,-59.1102,62.6613
9,2,-59.0910,62.3519
10,2,-59.0651,62.0347
11,2,-59.0323,61.7099
12,2,-58.9926,61.3780
13,2,-58.9460,61.0393
14,2,-58.8923,60.6943
15,2,-58.8316,60.3434
16,2,-58.7637,59.9871
17,2,-58.6887,59.6258
18,2,-58.6065,59.2598
19,2,-58.5170,58.8898
20,2,-58.4203,58.5161
21,2,-58.3163,58.1392
22,2,-58.2049,57.7594
23,2,-58.0863,57.3774
24,2,-57.9604,56.9935
25,2,-57.8272,56.6081
26,2,-57.6866,56.2217
27,2,-57.5388,55.8348
28,2,-57.3838,55.4477
29,2,-57.2216,55.0608
30,2,-57.0522,54.6745
31,2,-56.8756,54.2892
32,2,-56.6920,53.9054
33,2,-56.5014,53.5232
34,2,-56.3038,53.1432
35,2,-56.0994,52.7655
36,2,-55.8882,52.3906
37,2,-55.6702,52.0186
38,2,-55.4456,51.6500
39,2,-55.2145,51.2849
40,2,-54.9769,50.9236
41,2,-54.7330,50.5663
42,2,-54.4829,50.2132
43,2,-54.2266,49.8645
44,2,-53.9644,49.5204
45,2,-53.6963,49.1811
46,2,-53.4225,48.8467
47,2,-53.1430,48.5172
48,2,-52.8580,48.1929
49,2,-52.5677,47.8737
50,2,-52.2721,47.5599
51,2,-51.9715,47.2514
52,2,-51.6660,46.9483
53,2,-51.3556,46.6506
54,2,-51.0407,46.3583
55,2,-50.7212,46.0715
56,2,-50.3974,45.7902
57,2,-50.0694,45.5142
58,2,-49.7373,45.2437
59,2,-49.4014,44.9785
60,2,-49.0618,44.7187
61,2,-48.7185,44.4641
62,2,-48.3719,44.2148
63,2,-48.0220,43.9705
64,2,-47.6690,43.7313
65,2,-47.3131,43.4971
66,2,-46.9543,43.2677
67,2,-46.5930,43.0432
68,2,-46.2291,42.8232
69,2,-45.8630,42.6079
70,2,-45.4947,42.3970
71,2,-45.1244,42.1905
72,2,-44.7523,41.9882
73,2,-44.3784,41.7900
74,2,-44.0031,41.5958
75,2,-43.6263,41.4054
76,2,-43.2484,41.2188
77,2,-42.8694,41.0358
78,2,-42.4894,40.8563
79,2,-42.1087,40.6801
80,2,-41.7274,40.5072
81,2,-41.3456,40.3374
82,2,-40.9634,40.1706
83,2,-40.5812,40.0066
84,2,-40.1988,39.8453
85,2,-39.8167,39.6867
86,2,-39.4347,39.5306
87,2,-39.0532,39.3768
88,2,-38.6723,39.2253
89,2,-38.2920,39.0760
90,2,-37.9125,38.9287
91,2,-37.5341,38.7833
92,2,-37.1567,38.6397
93,2,-36.7806,38.4979
94,2,-36.4058,38.3576
95,2,-36.0326,38.2189
96,2,-35.6610,38.0816
97,2,-35.2912,37.9456
98,2,-34.9233,37.8109
99,2,-34.5574,37.6773
100,2,-34.1936,37.5448
101,2,-33.8322,37.4133
102,2,-33.4731,37.2828
103,2,-33.1166,37.1531
104,2,-32.7627,37.0242
105,2,-32.4116,36.8961
106,2,-32.0634,36.7686
107,2,-31.7181,36.6418
108,2,-31.3760,36.5155
109,2,-31.0371,36.3897
110,2,-30.7016,36.2645
111,2,-30.3695,36.1396
112,2,-30.0409,36.0152
113,2,-29.7160,35.8912
114,2,-29.3949,35.7675
115,2,-29.0776,35.6442
116,2,-28.7643,35.5211
117,2,-28.4551,35.3984
118,2,-28.1500,35.2759
119,2,-27.8492,35.1537
120,2,-27.5528,35.0318
121,2,-27.2608,34.9101
122,2,-26.9733,34.7887
123,2,-26.6905,34.6676
124,2,-26.4123,34.5468
125,2,-26.1390,34.4262
126,2,-25.8706,34.3060
127,2,-25.6071,34.1860
128,2,-25.3486,34.0664
129,2,-25.0953,33.9472
130,2,-24.8472,33.8284
131,2,-24.6043,33.7100
132,2,-24.3668,33.5920
133,2,-24.1346,33.4746
134,2,-23.9080,33.3576
135,2,-23.6868,33.2412
136,2,-23.4713,33.1254
137,2,-23.2614,33.0103
138,2,-23.0573,32.8959
139,2,-22.8589,32.7822
140,2,-22.6663,32.6693
141,2,-22.4797,32.5572
142,2,-22.2989,32.4460
143,2,-22.1241,32.3358
144,2,-21.9554,32.2266
145,2,-21.7927,32.1184
146,2,-21.6361,32.0114
147,2,-21.4857,31.9055
148,2,-21.3414,31.8009
149,2,-21.2034,31.6976
150,2,-21.0716,31.5957
151,2,-20.9460,31.4952
152,2,-20.8268,31.3962
153,2,-20.7139,31.2988
154,2,-20.6073,31.2030
155,2,-20.5071,31.1089
156,2,-20.4133,31.0166
157,2,-20.3259,30.9261
158,2,-20.2448,30.8376
159,2,-20.1702,30.7510
160,2,-20.1021,30.6664
161,2,-20.0403,30.5840
162,2,-19.9850,30.5038
163,2,-19.9361,30.4258
164,2,-19.8936,30.3501
165,2,-19.8576,30.2769
166,2,-19.8279,30.2061
167,2,-19.8047,30.1379
168,2,-19.7878,30.0723
169,2,-19.7774,30.0093
170,2,-19.7733,29.9491
171,2,-19.7755,29.8918
172,2,-19.7840,29.8373
173,2,-19.7988,29.7858
174,2,-19.8199,29.7373
175,2,-19.8472,29.6919
176,2,-19.8807,29.6497
177,2,-19.9203,29.6107
178,2,-19.9661,29.5751
179,2,-20.0179,29.5428
180,2,-20.0758,29.5139
181,2,-20.1397,29.4886
182,2,-20.2095,29.4668
183,2,-20.2852,29.4487
184,2,-20.3667,29.4343
185,2,-20.4540,29.4236
186,2,-20.5471,29.4168
187,2,-20.6458,29.4139
188,2,-20.7501,29.4149
189,2,-20.8600,29.4199
190,2,-20.9753,29.4291
191,2,-21.0961,29.4424
192,2,-21.2222,29.4598
193,2,-21.3535,29.4816
194,2,-21.4901,29.5077
195,2,-21.6318,29.5381
196,2,-21.7785,29.5730
197,2,-21.9301,29.6123
198,2,-22.0867,29.6563
199,2,-22.2480,29.7048
200,2,-22.4141,29.7579
201,2,-22.5848,29.8158
202,2,-22.7600,29.8784
203,2,-22.9397,29.9458
204,2,-23.1238,30.0181
205,2,-23.3121,30.0952
206,2,-23.5046,30.1773
207,2,-23.7012,30.2644
208,2,-23.9018,30.3565
209,2,-24.1063,30.4536
210,2,-24.3146,30.5559
211,2,-24.5266,30.6633
212,2,-24.7422,30.7758
213,2,-24.9613,30.8936
214,2,-25.1839,31.0166
215,2,-25.4097,31.1448
216,2,-25.6388,31.2784
217,2,-25.8711,31.4172
218,2,-26.1063,31.5614
219,2,-26.3445,31.7110
220,2,-26.5855,31.8659
221,2,-26.8292,32.0262
222,2,-27.0755,32.1919
223,2,-27.3244,32.3630
224,2,-27.5757,32.5395
225,2,-27.8294,32.7215
226,2,-28.0853,32.9088
227,2,-28.3434,33.1016
228,2,-28.6035,33.2998
229,2,-28.8655,33.5034
230,2,-29.1294,33.7123
231,2,-29.3951,33.9267
232,2,-29.6625,34.1464
233,2,-29.9315,34.3715
234,2,-30.2019,34.6018
235,2,-30.4738,34.8375
236,2,-30.7470,35.0784
237,2,-31.0214,35.3245
238,2,-31.2970,35.5758
239,2,-31.5737,35.8322
240,2,-31.8514,36.0937
241,2,-32.1299,36.3603
242,2,-32.4094,36.6319
243,2,-32.6895,36.9083
244,2,-32.9704,37.1897
245,2,-33.2519,37.4759
246,2,-33.5339,37.7668
247,2,-33.8164,38.0624
248,2,-34.0993,38.3625
249,2,-34.3826,38.6672
250,2,-34.6661,38.9764
251,2,-34.9499,39.2898
252,2,-35.2338,39.6076
253,2,-35.5178,39.9295
254,2,-35.8018,40.2554
255,2,-36.0858,40.5854
256,2,-36.3698,40.9192
257,2,-36.6537,41.2567
258,2,-36.9374,41.5979
259,2,-37.2209,41.9427
260,2,-37.5041,42.2908
261,2,-37.7870,42.6423
262,2,-38.0696,42.9969
263,2,-38.3518,43.3546
264,2,-38.6336,43.7152
265,2,-38.9150,44.0785
266,2,-39.1958,44.4446
267,2,-39.4761,44.8131
268,2,-39.7559,45.1840
269,2,-40.0350,45.5572
270,2,-40.3135,45.9324
271,2,-40.5914,46.3096
272,2,-40.8686,46.6886
273,2,-41.1451,47.0692
274,2,-41.4208,47.4513
275,2,-41.6958,47.8347
276,2,-41.9699,48.2192
277,2,-42.2433,48.6048
278,2,-42.5158,48.9912
279,2,-42.7875,49.3783
280,2,-43.0583,49.7659
281,2,-43.3281,50.1539
282,2,-43.5971,50.5420
283,2,-43.8650,50.9301
284,2,-44.1320,51.3180
285,2,-44.3980,51.7056
286,2,-44.6630,52.0927
287,2,-44.9269,52.4790
288,2,-45.1898,52.8645
289,2,-45.4516,53.2489
290,2,-45.7122,53.6321
291,2,-45.9717,54.0138
292,2,-46.2301,54.3939
293,2,-46.4872,54.7723
294,2,-46.7432,55.1486
295,2,-46.9979,55.5228
296,2,-47.2513,55.8946
297,2,-47.5034,56.2639
298,2,-47.7543,56.6304
299,2,-48.0037,56.9940
300,2,-48.2518,57.3544
301,2,-48.4984,57.7116
302,2,-48.7436,58.0652
303,2,-48.9873,58.4151
304,2,-49.2295,58.7611
305,2,-49.4702,59.1029
306,2,-49.7092,59.4405
307,2,-49.9466,59.7735
308,2,-50.1824,60.1018
309,2,-50.4165,60.4252
310,2,-50.6488,60.7435
311,2,-50.8793,61.0564
312,2,-51.1079,61.3638
313,2,-51.3347,61.6655
314,2,-51.5596,61.9612
315,2,-51.7825,62.2508
316,2,-52.0034,62.5340
317,2,-52.2222,62.8106
318,2,-52.4389,63.0804
319,2,-52.6535,63.3432
320,2,-52.8658,63.5989
321,2,-53.0759,63.8471
322,2,-53.2836,64.0877
323,2,-53.4889,64.3205
324,2,-53.6918,64.5452
325,2,-53.8922,64.7617
326,2,-54.0900,64.9697
327,2,-54.2852,65.1691
328,2,-54.4778,65.3597
329,2,-54.6676,65.5411
330,2,-54.8545,65.7134
331,2,-55.0386,65.8761
332,2,-55.2198,66.0293
333,2,-55.3980,66.1726
334,2,-55.5730,66.3059
335,2,-55.7450,66.4290
336,2,-55.9137,66.5417
337,2,-56.0791,66.6439
338,2,-56.2411,66.7353
339,2,-56.3997,66.8159
340,2,-56.5548,66.8855
341,2,-56.7063,66.9439
342,2,-56.8541,66.9911
343,2,-56.9981,67.0268
344,2,-57.1382,67.0509
345,2,-57.2745,67.0634
346,2,-57.4067,67.0642
347,2,-57.5348,67.0531
348,2,-57.6587,67.0300
349,2,-57.7783,66.9950
350,2,-57.8936,66.9480
351,2,-58.0043,66.8889
352,2,-58.1105,66.8177
353,2,-58.2120,66.7344
354,2,-58.3088,66.6390
355,2,-58.4007,66.5315
356,2,-58.4876,66.4120
357,2,-58.5695,66.2805
358,2,-58.6463,66.1371
359,2,-58.7177,65.9819
360,2,-58.7838,65.8149
361,2,-58.8445,65.6364
362,2,-58.8995,65.4464
363,2,-58.9490,65.2452
364,2,-58.9926,65.0328
365,2,-59.0304,64.8096
1,3,-48.2576,79.1994
2,3,-48.2961,79.0154
3,3,-48.3292,78.8227
4,3,-48.3567,78.6214
5,3,-48.3787,78.4117
6,3,-48.3950,78.1939
7,3,-48.4055,77.9679
8,3,-48.4102,77.7342
9,3,-48.4090,77.4928
10,3,-48.4018,77.2441
11,3,-48.3885,76.9882
12,3,-48.3691,76.7253
13,3,-48.3435,76.4558
14,3,-48.3116,76.1798
15,3,-48.2734,75.8977
16,3,-48.2288,75.6097
17,3,-48.1778,75.3160
18,3,-48.1203,75.0170
19,3,-48.0563,74.7130
20,3,-47.9857,74.4042
21,3,-47.9085,74.0909
22,3,-47.8246,73.7734
23,3,-47.7341,73.4520
24,3,-47.6369,73.1271
25,3,-47.5331,72.7989
26,3,-47.4225,72.4676
27,3,-47.3051,72.1338
28,3,-47.1811,71.7975
29,3,-47.0504,71.4591
30,3,-46.9129,71.1190
31,3,-46.7688,70.7773
32,3,-46.6181,70.4344
33,3,-46.4607,70.0906
34,3,-46.2967,69.7461
35,3,-46.1261,69.4013
36,3,-45.9490,69.0563
37,3,-45.7655,68.7114
38,3,-45.5756,68.3669
39,3,-45.3793,68.0231
40,3,-45.1767,67.6800
41,3,-44.9680,67.3381
42,3,-44.7531,66.9974
43,3,-44.5322,66.6582
44,3,-44.3053,66.3207
45,3,-44.0725,65.9851
46,3,-43.8340,65.6515
47,3,-43.5898,65.3201
48,3,-43.3401,64.9911
49,3,-43.0849,64.6645
50,3,-42.8244,64.3406
51,3,-42.5586,64.0194
52,3,-42.2878,63.7011
53,3,-42.0120,63.3858
54,3,-41.7313,63.0735
55,3,-41.4460,62.7644
56,3,-41.1560,62.4585
57,3,-40.8616,62.1559
58,3,-40.5630,61.8565
59,3,-40.2601,61.5606
60,3,-39.9532,61.2681
61,3,-39.6425,60.9790
62,3,-39.3281,60.6933
63,3,-39.0101,60.4111
64,3,-38.6886,60.1324
65,3,-38.3639,59.8572
66,3,-38.0361,59.5854
67,3,-37.7053,59.3170
68,3,-37.3717,59.0521
69,3,-37.0355,58.7906
70,3,-36.6968,58.5324
71,3,-36.3558,58.2775
72,3,-36.0126,58.0259
73,3,-35.6674,57.7775
74,3,-35.3203,57.5323
75,3,-34.9715,57.2903
76,3,-34.6212,57.0513
77,3,-34.2696,56.8152
78,3,-33.9167,56.5822
79,3,-33.5627,56.3520
80,3,-33.2079,56.1246
81,3,-32.8523,55.8999
82,3,-32.4961,55.6779
83,3,-32.1395,55.4585
84,3,-31.7826,55.2416
85,3,-31.4256,55.0272
86,3,-31.0686,54.8151
87,3,-30.7118,54.6054
88,3,-30.3553,54.3978
89,3,-29.9994,54.1925
90,3,-29.6440,53.9892
91,3,-29.2894,53.7879
92,3,-28.9358,53.5886
93,3,-28.5832,53.3911
94,3,-28.2319,53.1955
95,3,-27.8819,53.0016
96,3,-27.5334,52.8094
97,3,-27.1865,52.6188
98,3,-26.8414,52.4298
99,3,-26.4982,52.2422
100,3,-26.1571,52.0562
101,3,-25.8181,51.8715
102,3,-25.4815,51.6882
103,3,-25.1473,51.5061
104,3,-24.8156,51.3254
105,3,-24.4866,51.1458
106,3,-24.1605,50.9674
107,3,-23.8372,50.7902
108,3,-23.5170,50.6141
109,3,-23.2000,50.4391
110,3,-22.8863,50.2651
111,3,-22.5759,50.0921
112,3,-22.2691,49.9202
113,3,-21.9659,49.7493
114,3,-21.6663,49.5793
115,3,-21.3707,49.4104
116,3,-21.0789,49.2424
117,3,-20.7912,49.0753
118,3,-20.5076,48.9093
119,3,-20.2282,48.7442
120,3,-19.9531,48.5800
121,3,-19.6824,48.4169
122,3,-19.4162,48.2547
123,3,-19.1546,48.0936
124,3,-18.8977,47.9335
125,3,-18.6455,47.7744
126,3,-18.3981,47.6165
127,3,-18.1556,47.4596
128,3,-17.9181,47.3039
129,3,-17.6857,47.1493
130,3,-17.4583,46.9959
131,3,-17.2361,46.8438
132,3,-17.0192,46.6929
133,3,-16.8076,46.5433
134,3,-16.6014,46.3952
135,3,-16.4006,46.2484
136,3,-16.2052,46.1031
137,3,-16.0154,45.9593
138,3,-15.8312,45.8170
139,3,-15.6526,45.6764
140,3,-15.4797,45.5375
141,3,-15.3125,45.4003
142,3,-15.1510,45.2648
143,3,-14.9953,45.1313
144,3,-14.8455,44.9996
145,3,-14.7015,44.8699
146,3,-14.5635,44.7423
147,3,-14.4313,44.6168
148,3,-14.3051,44.4934
149,3,-14.1848,44.3723
150,3,-14.0705,44.2535
151,3,-13.9622,44.1371
152,3,-13.8599,44.0232
153,3,-13.7637,43.9117
154,3,-13.6735,43.8028
155,3,-13.5893,43.6966
156,3,-13.5112,43.5932
157,3,-13.4391,43.4925
158,3,-13.3731,43.3947
159,3,-13.3131,43.2998
160,3,-13.2591,43.2080
161,3,-13.2112,43.1192
162,3,-13.1693,43.0336
163,3,-13.1334,42.9512
164,3,-13.1035,42.8722
165,3,-13.0796,42.7964
166,3,-13.0616,42.7241
167,3,-13.0496,42.6554
168,3,-13.0434,42.5901
169,3,-13.0432,42.5286
170,3,-13.0487,42.4707
171,3,-13.0601,42.4166
172,3,-13.0773,42.3663
173,3,-13.1002,42.3199
174,3,-13.1288,42.2775
175,3,-13.1630,42.2391
176,3,-13.2029,42.2048
177,3,-13.2483,42.1746
178,3,-13.2993,42.1487
179,3,-13.3557,42.1270
180,3,-13.4175,42.1097
181,3,-13.4847,42.0967
182,3,-13.5571,42.0881
183,3,-13.6348,42.0841
184,3,-13.7177,42.0846
185,3,-13.8057,42.0897
186,3,-13.8987,42.0995
187,3,-13.9967,42.1139
188,3,-14.0996,42.1331
189,3,-14.2073,42.1571
190,3,-14.3197,42.1860
191,3,-14.4369,42.2197
192,3,-14.5586,42.2584
193,3,-14.6849,42.3020
194,3,-14.8156,42.3507
195,3,-14.9507,42.4044
196,3,-15.0901,42.4633
197,3,-15.2336,42.5272
198,3,-15.3812,42.5963
199,3,-15.5329,42.6706
200,3,-15.6885,42.7502
201,3,-15.8479,42.8350
202,3,-16.0111,42.9251
203,3,-16.1779,43.0205
204,3,-16.3483,43.1213
205,3,-16.5221,43.2274
206,3,-16.6994,43.3389
207,3,-16.8799,43.4558
208,3,-17.0636,43.5781
209,3,-17.2504,43.7059
210,3,-17.4401,43.8391
211,3,-17.6328,43.9778
212,3,-17.8283,44.1219
213,3,-18.0265,44.2716
214,3,-18.2273,44.4267
215,3,-18.4306,44.5872
216,3,-18.6363,44.7533
217,3,-18.8444,44.9248
218,3,-19.0547,45.1018
219,3,-19.2671,45.2843
220,3,-19.4816,45.4722
221,3,-19.6980,45.6655
222,3,-19.9163,45.8643
223,3,-20.1363,46.0684
224,3,-20.3581,46.2779
225,3,-20.5814,46.4928
226,3,-20.8062,46.7130
227,3,-21.0325,46.9385
228,3,-21.2601,47.1692
229,3,-21.4890,47.4051
230,3,-21.7190,47.6462
231,3,-21.9501,47.8924
232,3,-22.1823,48.1438
233,3,-22.4154,48.4001
234,3,-22.6493,48.6614
235,3,-22.8841,48.9276
236,3,-23.1196,49.1987
237,3,-23.3557,49.4746
238,3,-23.5924,49.7552
239,3,-23.8297,50.0405
240,3,-24.0674,50.3303
241,3,-24.3056,50.6247
242,3,-24.5441,50.9235
243,3,-24.7829,51.2266
244,3,-25.0219,51.5339
245,3,-25.2611,51.8455
246,3,-25.5005,52.1611
247,3,-25.7399,52.4807
248,3,-25.9794,52.8042
249,3,-26.2190,53.1314
250,3,-26.4585,53.4624
251,3,-26.6979,53.7969
252,3,-26.9372,54.1348
253,3,-27.1765,54.4761
254,3,-27.4155,54.8206
255,3,-27.6543,55.1683
256,3,-27.8930,55.5189
257,3,-28.1314,55.8724
258,3,-28.3695,56.2286
259,3,-28.6073,56.5875
260,3,-28.8449,56.9488
261,3,-29.0821,57.3125
262,3,-29.3189,57.6784
263,3,-29.5555,58.0464
264,3,-29.7916,58.4163
265,3,-30.0274,58.7881
266,3,-30.2627,59.1615
267,3,-30.4977,59.5364
268,3,-30.7323,59.9127
269,3,-30.9665,60.2902
270,3,-31.2002,60.6688
271,3,-31.4335,61.0484
272,3,-31.6664,61.4287
273,3,-31.8989,61.8097
274,3,-32.1309,62.1912
275,3,-32.3625,62.5730
276,3,-32.5936,62.9549
277,3,-32.8243,63.3369
278,3,-33.0545,63.7188
279,3,-33.2843,64.1004
280,3,-33.5136,64.4815
281,3,-33.7424,64.8620
282,3,-33.9708,65.2418
283,3,-34.1987,65.6207
284,3,-34.4262,65.9985
285,3,-34.6531,66.3751
286,3,-34.8796,66.7503
287,3,-35.1055,67.1240
288,3,-35.3310,67.4959
289,3,-35.5559,67.8660
290,3,-35.7803,68.2341
291,3,-36.0042,68.6000
292,3,-36.2275,68.9636
293,3,-36.4503,69.3247
294,3,-36.6724,69.6832
295,3,-36.8940,70.0388
296,3,-37.1150,70.3915
297,3,-37.3353,70.7411
298,3,-37.5549,71.0873
299,3,-37.7738,71.4302
300,3,-37.9921,71.7695
301,3,-38.2096,72.1050
302,3,-38.4263,72.4366
303,3,-38.6422,72.7641
304,3,-38.8573,73.0874
305,3,-39.0716,73.4064
306,3,-39.2849,73.7208
307,3,-39.4973,74.0306
308,3,-39.7088,74.3355
309,3,-39.9192,74.6354
310,3,-40.1285,74.9302
311,3,-40.3368,75.2196
312,3,-40.5439,75.5037
313,3,-40.7498,75.7821
314,3,-40.9545,76.0547
315,3,-41.1579,76.3215
316,3,-41.3599,76.5822
317,3,-41.5606,76.8367
318,3,-41.7597,77.0848
319,3,-41.9574,77.3265
320,3,-42.1536,77.5614
321,3,-42.3481,77.7896
322,3,-42.5409,78.0109
323,3,-42.7319,78.2250
324,3,-42.9212,78.4320
325,3,-43.1086,78.6315
326,3,-43.2941,78.8236
327,3,-43.4775,79.0080
328,3,-43.6589,79.1846
329,3,-43.8382,79.3534
330,3,-44.0153,79.5141
331,3,-44.1901,79.6666
332,3,-44.3625,79.8108
333,3,-44.5325,79.9466
334,3,-44.7000,80.0739
335,3,-44.8650,80.1925
336,3,-45.0273,80.3024
337,3,-45.1869,80.4034
338,3,-45.3437,80.4955
339,3,-45.4976,80.5784
340,3,-45.6485,80.6522
341,3,-45.7965,80.7168
342,3,-45.9413,80.7720
343,3,-46.0829,80.8178
344,3,-46.2212,80.8541
345,3,-46.3562,80.8808
346,3,-46.4877,80.8979
347,3,-46.6157,80.9054
348,3,-46.7401,80.9031
349,3,-46.8607,80.8911
350,3,-46.9776,80.8693
351,3,-47.0905,80.8377
352,3,-47.1995,80.7963
353,3,-47.3045,80.7451
354,3,-47.4053,80.6840
355,3,-47.5018,80.6131
356,3,-47.5940,80.5325
357,3,-47.6818,80.4421
358,3,-47.7651,80.3419
359,3,-47.8437,80.2321
360,3,-47.9177,80.1127
361,3,-47.9868,79.9838
362,3,-48.0511,79.8454
363,3,-48.1104,79.6977
364,3,-48.1647,79.5407
365,3,-48.2137,79.3746
1,4,-36.9531,89.9955
2,4,-36.9945,89.8432
3,4,-37.0308,89.6835
4,4,-37.0618,89.5166
5,4,-37.0874,89.3426
6,4,-37.1077,89.1615
7,4,-37.1226,88.9736
8,4,-37.1319,88.7790
9,4,-37.1356,88.5778
10,4,-37.1336,88.3702
11,4,-37.1259,88.1564
12,4,-37.1124,87.9365
13,4,-37.0931,87.7106
14,4,-37.0679,87.4791
15,4,-37.0368,87.2420
16,4,-36.9997,86.9995
17,4,-36.9565,86.7519
18,4,-36.9073,86.4993
19,4,-36.8519,86.2419
20,4,-36.7904,85.9800
21,4,-36.7228,85.7137
22,4,-36.6489,85.4433
23,4,-36.5688,85.1689
24,4,-36.4824,84.8908
25,4,-36.3898,84.6092
26,4,-36.2909,84.3243
27,4,-36.1857,84.0363
28,4,-36.0742,83.7454
29,4,-35.9565,83.4519
30,4,-35.8325,83.1560
31,4,-35.7022,82.8578
32,4,-35.5657,82.5576
33,4,-35.4230,82.2557
34,4,-35.2741,81.9521
35,4,-35.1190,81.6471
36,4,-34.9578,81.3410
37,4,-34.7905,81.0338
38,4,-34.6172,80.7259
39,4,-34.4379,80.4173
40,4,-34.2527,80.1083
41,4,-34.0616,79.7991
42,4,-33.8647,79.4897
43,4,-33.6620,79.1805
44,4,-33.4537,78.8715
45,4,-33.2399,78.5629
46,4,-33.0205,78.2549
47,4,-32.7957,77.9476
48,4,-32.5656,77.6411
49,4,-32.3302,77.3355
50,4,-32.0898,77.0311
51,4,-31.8443,76.7279
52,4,-31.5939,76.4260
53,4,-31.3387,76.1255
54,4,-31.0788,75.8265
55,4,-30.8144,75.5291
56,4,-30.5455,75.2334
57,4,-30.2723,74.9395
58,4,-29.9949,74.6475
59,4,-29.7134,74.3573
60,4,-29.4280,74.0691
61,4,-29.1388,73.7829
62,4,-28.8460,73.4987
63,4,-28.5496,73.2166
64,4,-28.2498,72.9367
65,4,-27.9468,72.6589
66,4,-27.6408,72.3832
67,4,-27.3317,72.1098
68,4,-27.0199,71.8386
69,4,-26.7055,71.5695
70,4,-26.3885,71.3027
71,4,-26.0693,71.0381
72,4,-25.7478,70.7756
73,4,-25.4243,70.5154
74,4,-25.0990,70.2573
75,4,-24.7719,70.0014
76,4,-24.4432,69.7476
77,4,-24.1132,69.4959
78,4,-23.7819,69.2464
79,4,-23.4495,68.9988
80,4,-23.1161,68.7533
81,4,-22.7820,68.5098
82,4,-22.4473,68.2683
83,4,-22.1121,68.0286
84,4,-21.7765,67.7909
85,4,-21.4408,67.5550
86,4,-21.1051,67.3209
87,4,-20.7696,67.0886
88,4,-20.4343,66.8580
89,4,-20.0995,66.6291
90,4,-19.7653,66.4018
91,4,-19.4318,66.1762
92,4,-19.0992,65.9522
93,4,-18.7677,65.7296
94,4,-18.4373,65.5086
95,4,-18.1083,65.2891
96,4,-17.7808,65.0709
97,4,-17.4548,64.8542
98,4,-17.1306,64.6388
99,4,-16.8083,64.4248
100,4,-16.4881,64.2120
101,4,-16.1700,64.0006
102,4,-15.8541,63.7904
103,4,-15.5407,63.5814
104,4,-15.2299,63.3736
105,4,-14.9217,63.1670
106,4,-14.6163,62.9616
107,4,-14.3138,62.7574
108,4,-14.0143,62.5543
109,4,-13.7180,62.3523
110,4,-13.4250,62.1515
111,4,-13.1354,61.9518
112,4,-12.8492,61.7533
113,4,-12.5667,61.5559
114,4,-12.2878,61.3596
115,4,-12.0127,61.1645
116,4,-11.7416,60.9706
117,4,-11.4744,60.7778
118,4,-11.2114,60.5863
119,4,-10.9525,60.3959
120,4,-10.6979,60.2068
121,4,-10.4477,60.0189
122,4,-10.2019,59.8324
123,4,-9.9607,59.6472
124,4,-9.7240,59.4633
125,4,-9.4921,59.2808
126,4,-9.2649,59.0998
127,4,-9.0425,58.9202
128,4,-8.8250,58.7422
129,4,-8.6125,58.5657
130,4,-8.4050,58.3908
131,4,-8.2026,58.2176
132,4,-8.0054,58.0462
133,4,-7.8133,57.8765
134,4,-7.6265,57.7086
135,4,-7.4449,57.5426
136,4,-7.2687,57.3786
137,4,-7.0979,57.2166
138,4,-6.9325,57.0567
139,4,-6.7726,56.8990
140,4,-6.6182,56.7434
141,4,-6.4692,56.5901
142,4,-6.3259,56.4392
143,4,-6.1881,56.2907
144,4,-6.0559,56.1448
145,4,-5.9294,56.0013
146,4,-5.8085,55.8606
147,4,-5.6932,55.7225
148,4,-5.5836,55.5872
149,4,-5.4797,55.4548
150,4,-5.3815,55.3254
151,4,-5.2890,55.1989
152,4,-5.2022,55.0756
153,4,-5.1211,54.9554
154,4,-5.0457,54.8385
155,4,-4.9759,54.7249
156,4,-4.9119,54.6146
157,4,-4.8535,54.5079
158,4,-4.8007,54.4047
159,4,-4.7537,54.3051
160,4,-4.7122,54.2092
161,4,-4.6763,54.1171
162,4,-4.6461,54.0288
163,4,-4.6213,53.9444
164,4,-4.6021,53.8640
165,4,-4.5885,53.7877
166,4,-4.5802,53.7154
167,4,-4.5774,53.6474
168,4,-4.5800,53.5835
169,4,-4.5880,53.5240
170,4,-4.6013,53.4689
171,4,-4.6199,53.4182
172,4,-4.6436,53.3720
173,4,-4.6726,53.3304
174,4,-4.7067,53.2934
175,4,-4.7459,53.2610
176,4,-4.7901,53.2334
177,4,-4.8392,53.2105
178,4,-4.8933,53.1925
179,4,-4.9523,53.1793
180,4,-5.0160,53.1711
181,4,-5.0844,53.1678
182,4,-5.1576,53.1696
183,4,-5.2353,53.1764
184,4,-5.3175,53.1883
185,4,-5.4042,53.2054
186,4,-5.4952,53.2277
187,4,-5.5906,53.2551
188,4,-5.6902,53.2878
189,4,-5.7940,53.3258
190,4,-5.9018,53.3691
191,4,-6.0137,53.4178
192,4,-6.1295,53.4718
193,4,-6.2491,53.5312
194,4,-6.3724,53.5961
195,4,-6.4994,53.6663
196,4,-6.6300,53.7421
197,4,-6.7641,53.8233
198,4,-6.9017,53.9100
199,4,-7.0425,54.0022
200,4,-7.1866,54.0999
201,4,-7.3338,54.2031
202,4,-7.4841,54.3119
203,4,-7.6373,54.4262
204,4,-7.7934,54.5460
205,4,-7.9523,54.6714
206,4,-8.1140,54.8023
207,4,-8.2782,54.9388
208,4,-8.4449,55.0807
209,4,-8.6141,55.2282
210,4,-8.7856,55.3812
211,4,-8.9593,55.5397
212,4,-9.1352,55.7037
213,4,-9.3132,55.8731
214,4,-9.4932,56.0480
215,4,-9.6750,56.2283
216,4,-9.8587,56.4140
217,4,-10.0441,56.6050
218,4,-10.2312,56.8014
219,4,-10.4198,57.0030
220,4,-10.6099,57.2100
221,4,-10.8013,57.4221
222,4,-10.9941,57.6395
223,4,-11.1882,57.8620
224,4,-11.3834,58.0895
225,4,-11.5797,58.3221
226,4,-11.7771,58.5598
227,4,-11.9754,58.8023
228,4,-12.1746,59.0497
229,4,-12.3746,59.3020
230,4,-12.5753,59.5590
231,4,-12.7768,59.8207
232,4,-12.9789,60.0870
233,4,-13.1815,60.3578
234,4,-13.3847,60.6332
235,4,-13.5884,60.9129
236,4,-13.7924,61.1970
237,4,-13.9969,61.4853
238,4,-14.2017,61.7777
239,4,-14.4067,62.0742
240,4,-14.6120,62.3747
241,4,-14.8175,62.6791
242,4,-15.0232,62.9873
243,4,-15.2290,63.2991
244,4,-15.4349,63.6146
245,4,-15.6409,63.9335
246,4,-15.8469,64.2558
247,4,-16.0529,64.5814
248,4,-16.2590,64.9102
249,4,-16.4650,65.2420
250,4,-16.6710,65.5767
251,4,-16.8769,65.9143
252,4,-17.0828,66.2546
253,4,-17.2886,66.5975
254,4,-17.4943,66.9428
255,4,-17.7000,67.2905
256,4,-17.9055,67.6404
257,4,-18.1109,67.9924
258,4,-18.3163,68.3464
259,4,-18.5215,68.7022
260,4,-18.7266,69.0597
261,4,-18.9317,69.4188
262,4,-19.1366,69.7793
263,4,-19.3415,70.1411
264,4,-19.5462,70.5041
265,4,-19.7509,70.8681
266,4,-19.9555,71.2330
267,4,-20.1601,71.5987
268,4,-20.3646,71.9650
269,4,-20.5691,72.3318
270,4,-20.7735,72.6989
271,4,-20.9779,73.0662
272,4,-21.1823,73.4336
273,4,-21.3866,73.8009
274,4,-21.5910,74.1680
275,4,-21.7954,74.5346
276,4,-21.9998,74.9008
277,4,-22.2042,75.2664
278,4,-22.4087,75.6311
279,4,-22.6132,75.9949
280,4,-22.8177,76.3577
281,4,-23.0223,76.7192
282,4,-23.2269,77.0793
283,4,-23.4316,77.4380
284,4,-23.6363,77.7950
285,4,-23.8411,78.1502
286,4,-24.0459,78.5035
287,4,-24.2508,78.8548
288,4,-24.4557,79.2038
289,4,-24.6607,79.5505
290,4,-24.8656,79.8948
291,4,-25.0706,80.2364
292,4,-25.2755,80.5753
293,4,-25.4805,80.9112
294,4,-25.6854,81.2442
295,4,-25.8902,81.5740
296,4,-26.0949,81.9005
297,4,-26.2996,82.2236
298,4,-26.5041,82.5431
299,4,-26.7085,82.8589
300,4,-26.9126,83.1710
301,4,-27.1165,83.4790
302,4,-27.3202,83.7830
303,4,-27.5236,84.0828
304,4,-27.7266,84.3783
305,4,-27.9293,84.6693
306,4,-28.1316,84.9557
307,4,-28.3333,85.2374
308,4,-28.5346,85.5143
309,4,-28.7353,85.7862
310,4,-28.9354,86.0530
311,4,-29.1348,86.3147
312,4,-29.3335,86.5710
313,4,-29.5314,86.8219
314,4,-29.7284,87.0673
315,4,-29.9246,87.3070
316,4,-30.1198,87.5409
317,4,-30.3139,87.7689
318,4,-30.5070,87.9910
319,4,-30.6989,88.2069
320,4,-30.8895,88.4166
321,4,-31.0789,88.6200
322,4,-31.2668,88.8169
323,4,-31.4534,89.0073
324,4,-31.6384,89.1911
325,4,-31.8218,89.3681
326,4,-32.0035,89.5383
327,4,-32.1835,89.7016
328,4,-32.3617,89.8578
329,4,-32.5379,90.0069
330,4,-32.7122,90.1488
331,4,-32.8844,90.2834
332,4,-33.0544,90.4107
333,4,-33.2222,90.5305
334,4,-33.3877,90.6427
335,4,-33.5508,90.7473
336,4,-33.7114,90.8443
337,4,-33.8695,90.9335
338,4,-34.0249,91.0148
339,4,-34.1776,91.0883
340,4,-34.3274,91.1539
341,4,-34.4744,91.2114
342,4,-34.6183,91.2609
343,4,-34.7592,91.3023
344,4,-34.8970,91.3356
345,4,-35.0314,91.3607
346,4,-35.1626,91.3777
347,4,-35.2903,91.3864
348,4,-35.4145,91.3868
349,4,-35.5352,91.3790
350,4,-35.6521,91.3629
351,4,-35.7653,91.3385
352,4,-35.8746,91.3059
353,4,-35.9800,91.2650
354,4,-36.0814,91.2158
355,4,-36.1786,91.1584
356,4,-36.2717,91.0928
357,4,-36.3605,91.0190
358,4,-36.4449,90.9370
359,4,-36.5248,90.8470
360,4,-36.6003,90.7489
361,4,-36.6711,90.6429
362,4,-36.7372,90.5289
363,4,-36.7986,90.4071
364,4,-36.8550,90.2775
365,4,-36.9066,90.1403
1,5,-25.6355,99.2478
2,5,-25.6744,99.1117
3,5,-25.7082,98.9693
4,5,-25.7367,98.8206
5,5,-25.7598,98.6657
6,5,-25.7776,98.5048
7,5,-25.7899,98.3379
8,5,-25.7967,98.1652
9,5,-25.7980,97.9868
10,5,-25.7937,97.8028
11,5,-25.7837,97.6133
12,5,-25.7680,97.4186
13,5,-25.7466,97.2186
14,5,-25.7194,97.0136
15,5,-25.6864,96.8037
16,5,-25.6475,96.5890
17,5,-25.6028,96.3698
18,5,-25.5521,96.1460
19,5,-25.4955,95.9180
20,5,-25.4329,95.6859
21,5,-25.3644,95.4498
22,5,-25.2899,95.2098
23,5,-25.2093,94.9662
24,5,-25.1228,94.7191
25,5,-25.0302,94.4687
26,5,-24.9316,94.2151
27,5,-24.8269,93.9586
28,5,-24.7163,93.6992
29,5,-24.5997,93.4371
30,5,-24.4770,93.1725
31,5,-24.3484,92.9056
32,5,-24.2139,92.6365
33,5,-24.0734,92.3655
34,5,-23.9270,92.0925
35,5,-23.7748,91.8179
36,5,-23.6168,91.5417
37,5,-23.4530,91.2642
38,5,-23.2834,90.9854
39,5,-23.1082,90.7055
40,5,-22.9273,90.4247
41,5,-22.7409,90.1430
42,5,-22.5491,89.8607
43,5,-22.3517,89.5779
44,5,-22.1490,89.2947
45,5,-21.9411,89.0112
46,5,-21.7279,88.7275
47,5,-21.5096,88.4438
48,5,-21.2863,88.1602
49,5,-21.0581,87.8767
50,5,-20.8250,87.5936
51,5,-20.5872,87.3108
52,5,-20.3447,87.0285
53,5,-20.0977,86.7468
54,5,-19.8463,86.4657
55,5,-19.5906,86.1853
56,5,-19.3306,85.9057
57,5,-19.0666,85.6271
58,5,-18.7986,85.3493
59,5,-18.5268,85.0725
60,5,-18.2513,84.7968
61,5,-17.9722,84.5222
62,5,-17.6896,84.2487
63,5,-17.4038,83.9764
64,5,-17.1147,83.7054
65,5,-16.8227,83.4355
66,5,-16.5277,83.1670
67,5,-16.2299,82.8998
68,5,-15.9296,82.6339
69,5,-15.6268,82.3693
70,5,-15.3216,82.1061
71,5,-15.0143,81.8442
72,5,-14.7049,81.5838
73,5,-14.3937,81.3247
74,5,-14.0807,81.0669
75,5,-13.7662,80.8105
76,5,-13.4502,80.5555
77,5,-13.1330,80.3019
78,5,-12.8146,80.0496
79,5,-12.4953,79.7986
80,5,-12.1752,79.5490
81,5,-11.8544,79.3007
82,5,-11.5330,79.0536
83,5,-11.2114,78.8079
84,5,-10.8895,78.5633
85,5,-10.5675,78.3201
86,5,-10.2457,78.0780
87,5,-9.9241,77.8371
88,5,-9.6029,77.5975
89,5,-9.2823,77.3589
90,5,-8.9624,77.1215
91,5,-8.6433,76.8852
92,5,-8.3252,76.6501
93,5,-8.0082,76.4159
94,5,-7.6925,76.1829
95,5,-7.3783,75.9509
96,5,-7.0656,75.7199
97,5,-6.7546,75.4899
98,5,-6.4454,75.2610
99,5,-6.1382,75.0330
100,5,-5.8331,74.8060
101,5,-5.5303,74.5799
102,5,-5.2298,74.3548
103,5,-4.9318,74.1307
104,5,-4.6365,73.9076
105,5,-4.3439,73.6853
106,5,-4.0542,73.4641
107,5,-3.7674,73.2438
108,5,-3.4838,73.0245
109,5,-3.2034,72.8062
110,5,-2.9263,72.5888
111,5,-2.6527,72.3725
112,5,-2.3826,72.1572
113,5,-2.1161,71.9430
114,5,-1.8534,71.7298
115,5,-1.5946,71.5177
116,5,-1.3397,71.3068
117,5,-1.0888,71.0970
118,5,-0.8421,70.8884
119,5,-0.5996,70.6811
120,5,-0.3614,70.4750
121,5,-0.1276,70.2702
122,5,0.1018,70.0668
123,5,0.3266,69.8648
124,5,0.5468,69.6642
125,5,0.7624,69.4652
126,5,0.9731,69.2678
127,5,1.1791,69.0719
128,5,1.3802,68.8778
129,5,1.5764,68.6854
130,5,1.7676,68.4948
131,5,1.9538,68.3061
132,5,2.1349,68.1194
133,5,2.3109,67.9347
134,5,2.4817,67.7521
135,5,2.6473,67.5716
136,5,2.8077,67.3934
137,5,2.9628,67.2176
138,5,3.1126,67.0441
139,5,3.2570,66.8731
140,5,3.3961,66.7047
141,5,3.5299,66.5389
142,5,3.6582,66.3759
143,5,3.7812,66.2157
144,5,3.8987,66.0583
145,5,4.0108,65.9040
146,5,4.1174,65.7527
147,5,4.2186,65.6046
148,5,4.3144,65.4597
149,5,4.4047,65.3182
150,5,4.4896,65.1800
151,5,4.5691,65.0454
152,5,4.6431,64.9143
153,5,4.7118,64.7869
154,5,4.7750,64.6633
155,5,4.8329,64.5434
156,5,4.8855,64.4275
157,5,4.9326,64.3156
158,5,4.9745,64.2077
159,5,5.0111,64.1040
160,5,5.0425,64.0046
161,5,5.0686,63.9094
162,5,5.0895,63.8186
163,5,5.1053,63.7323
164,5,5.1160,63.6504
165,5,5.1216,63.5732
166,5,5.1222,63.5006
167,5,5.1178,63.4328
168,5,5.1084,63.3697
169,5,5.0941,63.3115
170,5,5.0750,63.2582
171,5,5.0511,63.2099
172,5,5.0225,63.1666
173,5,4.9892,63.1284
174,5,4.9512,63.0954
175,5,4.9087,63.0675
176,5,4.8617,63.0449
177,5,4.8102,63.0275
178,5,4.7544,63.0154
179,5,4.6942,63.0088
180,5,4.6298,63.0075
181,5,4.5612,63.0117
182,5,4.4885,63.0213
183,5,4.4118,63.0364
184,5,4.3311,63.0571
185,5,4.2465,63.0834
186,5,4.1581,63.1152
187,5,4.0659,63.1527
188,5,3.9701,63.1958
189,5,3.8707,63.2445
190,5,3.7677,63.2989
191,5,3.6614,63.3590
192,5,3.5516,63.4248
193,5,3.4386,63.4963
194,5,3.3225,63.5735
195,5,3.2032,63.6564
196,5,3.0809,63.7450
197,5,2.9556,63.8393
198,5,2.8275,63.9394
199,5,2.6966,64.0451
200,5,2.5630,64.1566
201,5,2.4268,64.2737
202,5,2.2881,64.3966
203,5,2.1470,64.5250
204,5,2.0034,64.6592
205,5,1.8576,64.7990
206,5,1.7096,64.9443
207,5,1.5595,65.0953
208,5,1.4074,65.2518
209,5,1.2533,65.4139
210,5,1.0974,65.5814
211,5,0.9396,65.7545
212,5,0.7802,65.9329
213,5,0.6190,66.1168
214,5,0.4564,66.3060
215,5,0.2922,66.5005
216,5,0.1267,66.7003
217,5,-0.0402,66.9053
218,5,-0.2084,67.1155
219,5,-0.3778,67.3308
220,5,-0.5483,67.5512
221,5,-0.7199,67.7765
222,5,-0.8925,68.0069
223,5,-1.0661,68.2421
224,5,-1.2405,68.4821
225,5,-1.4158,68.7269
226,5,-1.5918,68.9764
227,5,-1.7686,69.2305
228,5,-1.9460,69.4892
229,5,-2.1241,69.7523
230,5,-2.3027,70.0199
231,5,-2.4819,70.2917
232,5,-2.6615,70.5678
233,5,-2.8416,70.8480
234,5,-3.0222,71.1323
235,5,-3.2031,71.4205
236,5,-3.3843,71.7127
237,5,-3.5659,72.0086
238,5,-3.7478,72.3082
239,5,-3.9299,72.6114
240,5,-4.1123,72.9181
241,5,-4.2949,73.2282
242,5,-4.4778,73.5415
243,5,-4.6608,73.8581
244,5,-4.8440,74.1777
245,5,-5.0273,74.5003
246,5,-5.2109,74.8258
247,5,-5.3946,75.1540
248,5,-5.5784,75.4848
249,5,-5.7624,75.8181
250,5,-5.9466,76.1538
251,5,-6.1309,76.4918
252,5,-6.3153,76.8319
253,5,-6.5000,77.1741
254,5,-6.6848,77.5182
255,5,-6.8697,77.8641
256,5,-7.0549,78.2116
257,5,-7.2402,78.5606
258,5,-7.4258,78.9111
259,5,-7.6116,79.2628
260,5,-7.7977,79.6157
261,5,-7.9839,79.9695
262,5,-8.1705,80.3243
263,5,-8.3573,80.6798
264,5,-8.5445,81.0359
265,5,-8.7320,81.3925
266,5,-8.9198,81.7495
267,5,-9.1079,82.1067
268,5,-9.2964,82.4639
269,5,-9.4854,82.8211
270,5,-9.6747,83.1781
271,5,-9.8644,83.5348
272,5,-10.0546,83.8910
273,5,-10.2452,84.2466
274,5,-10.4362,84.6015
275,5,-10.6278,84.9556
276,5,-10.8198,85.3086
277,5,-11.0123,85.6605
278,5,-11.2053,86.0112
279,5,-11.3989,86.3604
280,5,-11.5929,86.7081
281,5,-11.7875,87.0541
282,5,-11.9825,87.3984
283,5,-12.1781,87.7407
284,5,-12.3742,88.0810
285,5,-12.5708,88.4190
286,5,-12.7680,88.7548
287,5,-12.9656,89.0881
288,5,-13.1637,89.4188
289,5,-13.3622,89.7468
290,5,-13.5612,90.0721
291,5,-13.7607,90.3943
292,5,-13.9606,90.7135
293,5,-14.1608,91.0295
294,5,-14.3614,91.3422
295,5,-14.5624,91.6514
296,5,-14.7636,91.9571
297,5,-14.9651,92.2592
298,5,-15.1669,92.5574
299,5,-15.3688,92.8517
300,5,-15.5709,93.1421
301,5,-15.7731,93.4283
302,5,-15.9754,93.7102
303,5,-16.1777,93.9878
304,5,-16.3799,94.2610
305,5,-16.5820,94.5296
306,5,-16.7840,94.7935
307,5,-16.9858,95.0527
308,5,-17.1873,95.3070
309,5,-17.3885,95.5563
310,5,-17.5892,95.8005
311,5,-17.7895,96.0396
312,5,-17.9893,96.2734
313,5,-18.1884,96.5018
314,5,-18.3868,96.7248
315,5,-18.5845,96.9423
316,5,-18.7814,97.1541
317,5,-18.9773,97.3602
318,5,-19.1723,97.5604
319,5,-19.3661,97.7548
320,5,-19.5588,97.9432
321,5,-19.7503,98.1256
322,5,-19.9404,98.3018
323,5,-20.1292,98.4718
324,5,-20.3164,98.6355
325,5,-20.5020,98.7929
326,5,-20.6860,98.9438
327,5,-20.8681,99.0882
328,5,-21.0485,99.2261
329,5,-21.2268,99.3573
330,5,-21.4032,99.4819
331,5,-21.5774,99.5997
332,5,-21.7494,99.7107
333,5,-21.9190,99.8148
334,5,-22.0863,99.9121
335,5,-22.2511,100.0023
336,5,-22.4133,100.0856
337,5,-22.5728,100.1618
338,5,-22.7295,100.2310
339,5,-22.8834,100.2930
340,5,-23.0343,100.3479
341,5,-23.1821,100.3955
342,5,-23.3269,100.4360
343,5,-23.4684,100.4693
344,5,-23.6066,100.4953
345,5,-23.7413,100.5140
346,5,-23.8726,100.5254
347,5,-24.0003,100.5296
348,5,-24.1244,100.5265
349,5,-24.2447,100.5161
350,5,-24.3611,100.4984
351,5,-24.4736,100.4734
352,5,-24.5821,100.4412
353,5,-24.6866,100.4018
354,5,-24.7868,100.3551
355,5,-24.8828,100.3013
356,5,-24.9744,100.2403
357,5,-25.0617,100.1722
358,5,-25.1444,100.0970
359,5,-25.2225,100.0148
360,5,-25.2961,99.9256
361,5,-25.3649,99.8295
362,5,-25.4289,99.7266
363,5,-25.4880,99.6169
364,5,-25.5422,99.5004
365,5,-25.5913,99.3774
1,6,-14.5999,108.0730
2,6,-14.6325,107.9442
3,6,-14.6597,107.8097
4,6,-14.6814,107.6697
5,6,-14.6976,107.5243
6,6,-14.7083,107.3736
7,6,-14.7133,107.2176
8,6,-14.7127,107.0564
9,6,-14.7063,106.8903
10,6,-14.6943,106.7192
11,6,-14.6765,106.5433
12,6,-14.6529,106.3626
13,6,-14.6235,106.1774
14,6,-14.5883,105.9878
15,6,-14.5472,105.7938
16,6,-14.5002,105.5955
17,6,-14.4473,105.3932
18,6,-14.3885,105.1869
19,6,-14.3237,104.9768
20,6,-14.2530,104.7629
21,6,-14.1764,104.5455
22,6,-14.0938,104.3246
23,6,-14.0053,104.1004
24,6,-13.9109,103.8730
25,6,-13.8105,103.6426
26,6,-13.7042,103.4093
27,6,-13.5920,103.1732
28,6,-13.4740,102.9344
29,6,-13.3500,102.6932
30,6,-13.2202,102.4495
31,6,-13.0847,102.2036
32,6,-12.9433,101.9556
33,6,-12.7962,101.7056
34,6,-12.6434,101.4538
35,6,-12.4849,101.2002
36,6,-12.3208,100.9450
37,6,-12.1512,100.6883
38,6,-11.9760,100.4303
39,6,-11.7954,100.1710
40,6,-11.6094,99.9106
41,6,-11.4181,99.6491
42,6,-11.2216,99.3868
43,6,-11.0198,99.1237
44,6,-10.8130,98.8598
45,6,-10.6011,98.5954
46,6,-10.3843,98.3305
47,6,-10.1626,98.0651
48,6,-9.9361,97.7995
49,6,-9.7050,97.5336
50,6,-9.4693,97.2676
51,6,-9.2292,97.0015
52,6,-8.9846,96.7354
53,6,-8.7358,96.4694
54,6,-8.4828,96.2035
55,6,-8.2258,95.9379
56,6,-7.9648,95.6725
57,6,-7.7000,95.4075
58,6,-7.4315,95.1428
59,6,-7.1594,94.8786
60,6,-6.8839,94.6148
61,6,-6.6051,94.3516
62,6,-6.3230,94.0889
63,6,-6.0379,93.8268
64,6,-5.7499,93.5654
65,6,-5.4591,93.3045
66,6,-5.1656,93.0444
67,6,-4.8696,92.7849
68,6,-4.5712,92.5262
69,6,-4.2705,92.2681
70,6,-3.9678,92.0108
71,6,-3.6631,91.7543
72,6,-3.3567,91.4985
73,6,-3.0485,91.2434
74,6,-2.7389,90.9891
75,6,-2.4279,90.7356
76,6,-2.1156,90.4829
77,6,-1.8024,90.2308
78,6,-1.4882,89.9796
79,6,-1.1732,89.7290
80,6,-0.8576,89.4792
81,6,-0.5416,89.2302
82,6,-0.2252,88.9818
83,6,0.0913,88.7341
84,6,0.4078,88.4872
85,6,0.7242,88.2409
86,6,1.0403,87.9953
87,6,1.3560,87.7503
88,6,1.6711,87.5060
89,6,1.9854,87.2623
90,6,2.2989,87.0192
91,6,2.6113,86.7768
92,6,2.9226,86.5349
93,6,3.2326,86.2937
94,6,3.5411,86.0530
95,6,3.8480,85.8129
96,6,4.1532,85.5734
97,6,4.4566,85.3344
98,6,4.7579,85.0961
99,6,5.0571,84.8582
100,6,5.3540,84.6210
101,6,5.6485,84.3843
102,6,5.9405,84.1483
103,6,6.2298,83.9128
104,6,6.5164,83.6779
105,6,6.8000,83.4436
106,6,7.0806,83.2100
107,6,7.3581,82.9770
108,6,7.6324,82.7447
109,6,7.9033,82.5131
110,6,8.1707,82.2822
111,6,8.4346,82.0521
112,6,8.6947,81.8228
113,6,8.9511,81.5942
114,6,9.2036,81.3666
115,6,9.4522,81.1399
116,6,9.6966,80.9141
117,6,9.9370,80.6893
118,6,10.1731,80.4656
119,6,10.4048,80.2430
120,6,10.6322,80.0216
121,6,10.8551,79.8013
122,6,11.0735,79.5824
123,6,11.2872,79.3649
124,6,11.4963,79.1487
125,6,11.7006,78.9341
126,6,11.9001,78.7210
127,6,12.0948,78.5096
128,6,12.2845,78.2999
129,6,12.4693,78.0921
130,6,12.6491,77.8861
131,6,12.8238,77.6821
132,6,12.9934,77.4801
133,6,13.1579,77.2804
134,6,13.3173,77.0829
135,6,13.4714,76.8877
136,6,13.6204,76.6949
137,6,13.7641,76.5047
138,6,13.9025,76.3171
139,6,14.0357,76.1323
140,6,14.1636,75.9503
141,6,14.2862,75.7712
142,6,14.4034,75.5951
143,6,14.5154,75.4222
144,6,14.6221,75.2525
145,6,14.7234,75.0861
146,6,14.8195,74.9231
147,6,14.9102,74.7637
148,6,14.9957,74.6079
149,6,15.0759,74.4558
150,6,15.1509,74.3076
151,6,15.2206,74.1633
152,6,15.2850,74.0230
153,6,15.3443,73.8868
154,6,15.3985,73.7548
155,6,15.4474,73.6272
156,6,15.4913,73.5039
157,6,15.5301,73.3851
158,6,15.5639,73.2709
159,6,15.5926,73.1614
160,6,15.6164,73.0566
161,6,15.6353,72.9566
162,6,15.6492,72.8615
163,6,15.6584,72.7715
164,6,15.6628,72.6864
165,6,15.6624,72.6066
166,6,15.6573,72.5319
167,6,15.6476,72.4625
168,6,15.6334,72.3984
169,6,15.6146,72.3397
170,6,15.5913,72.2865
171,6,15.5636,72.2388
172,6,15.5316,72.1967
173,6,15.4953,72.1602
174,6,15.4548,72.1293
175,6,15.4101,72.1042
176,6,15.3613,72.0849
177,6,15.3085,72.0713
178,6,15.2517,72.0636
179,6,15.1911,72.0617
180,6,15.1266,72.0658
181,6,15.0584,72.0758
182,6,14.9865,72.0917
183,6,14.9110,72.1136
184,6,14.8319,72.1415
185,6,14.7494,72.1755
186,6,14.6636,72.2154
187,6,14.5744,72.2614
188,6,14.4819,72.3135
189,6,14.3864,72.3716
190,6,14.2877,72.4357
191,6,14.1860,72.5059
192,6,14.0814,72.5822
193,6,13.9740,72.6645
194,6,13.8637,72.7528
195,6,13.7508,72.8472
196,6,13.6353,72.9476
197,6,13.5172,73.0540
198,6,13.3966,73.1663
199,6,13.2737,73.2847
200,6,13.1484,73.4089
201,6,13.0209,73.5391
202,6,12.8913,73.6751
203,6,12.7595,73.8170
204,6,12.6258,73.9647
205,6,12.4900,74.1182
206,6,12.3525,74.2775
207,6,12.2131,74.4424
208,6,12.0720,74.6130
209,6,11.9292,74.7892
210,6,11.7848,74.9710
211,6,11.6389,75.1582
212,6,11.4916,75.3510
213,6,11.3428,75.5491
214,6,11.1928,75.7527
215,6,11.0414,75.9615
216,6,10.8888,76.1755
217,6,10.7351,76.3947
218,6,10.5803,76.6190
219,6,10.4244,76.8484
220,6,10.2675,77.0827
221,6,10.1097,77.3219
222,6,9.9510,77.5660
223,6,9.7914,77.8148
224,6,9.6311,78.0682
225,6,9.4699,78.3263
226,6,9.3080,78.5888
227,6,9.1455,78.8558
228,6,8.9822,79.1271
229,6,8.8184,79.4027
230,6,8.6539,79.6824
231,6,8.4889,79.9662
232,6,8.3234,80.2539
233,6,8.1573,80.5455
234,6,7.9907,80.8410
235,6,7.8236,81.1400
236,6,7.6561,81.4427
237,6,7.4881,81.7488
238,6,7.3197,82.0584
239,6,7.1509,82.3711
240,6,6.9816,82.6870
241,6,6.8119,83.0060
242,6,6.6418,83.3279
243,6,6.4712,83.6526
244,6,6.3002,83.9800
245,6,6.1289,84.3100
246,6,5.9570,84.6425
247,6,5.7848,84.9773
248,6,5.6121,85.3144
249,6,5.4389,85.6535
250,6,5.2653,85.9947
251,6,5.0912,86.3377
252,6,4.9166,86.6824
253,6,4.7415,87.0287
254,6,4.5658,87.3765
255,6,4.3896,87.7257
256,6,4.2128,88.0761
257,6,4.0355,88.4276
258,6,3.8575,88.7800
259,6,3.6790,89.1333
260,6,3.4997,89.4872
261,6,3.3198,89.8417
262,6,3.1392,90.1967
263,6,2.9579,90.5519
264,6,2.7759,90.9073
265,6,2.5931,91.2627
266,6,2.4096,91.6180
267,6,2.2252,91.9731
268,6,2.0401,92.3278
269,6,1.8541,92.6819
270,6,1.6673,93.0355
271,6,1.4796,93.3882
272,6,1.2911,93.7400
273,6,1.1017,94.0908
274,6,0.9114,94.4403
275,6,0.7202,94.7886
276,6,0.5281,95.1354
277,6,0.3350,95.4806
278,6,0.1411,95.8241
279,6,-0.0538,96.1658
280,6,-0.2495,96.5055
281,6,-0.4462,96.8430
282,6,-0.6438,97.1784
283,6,-0.8422,97.5114
284,6,-1.0416,97.8419
285,6,-1.2418,98.1697
286,6,-1.4429,98.4949
287,6,-1.6448,98.8172
288,6,-1.8475,99.1365
289,6,-2.0510,99.4528
290,6,-2.2552,99.7658
291,6,-2.4602,100.0755
292,6,-2.6659,100.3817
293,6,-2.8722,100.6844
294,6,-3.0791,100.9835
295,6,-3.2867,101.2787
296,6,-3.4947,101.5701
297,6,-3.7032,101.8574
298,6,-3.9122,102.1407
299,6,-4.1215,102.4198
300,6,-4.3311,102.6946
301,6,-4.5410,102.9650
302,6,-4.7511,103.2308
303,6,-4.9613,103.4921
304,6,-5.1716,103.7487
305,6,-5.3818,104.0006
306,6,-5.5920,104.2475
307,6,-5.8020,104.4896
308,6,-6.0118,104.7265
309,6,-6.2213,104.9584
310,6,-6.4304,105.1850
311,6,-6.6390,105.4064
312,6,-6.8470,105.6224
313,6,-7.0544,105.8330
314,6,-7.2611,106.0380
315,6,-7.4669,106.2375
316,6,-7.6718,106.4313
317,6,-7.8757,106.6194
318,6,-8.0785,106.8018
319,6,-8.2801,106.9782
320,6,-8.4803,107.1488
321,6,-8.6792,107.3134
322,6,-8.8766,107.4720
323,6,-9.0724,107.6245
324,6,-9.2664,107.7709
325,6,-9.4587,107.9111
326,6,-9.6491,108.0451
327,6,-9.8375,108.1728
328,6,-10.0237,108.2942
329,6,-10.2078,108.4092
330,6,-10.3896,108.5178
331,6,-10.5690,108.6201
332,6,-10.7458,108.7158
333,6,-10.9201,108.8051
334,6,-11.0916,108.8878
335,6,-11.2603,108.9640
336,6,-11.4262,109.0336
337,6,-11.5890,109.0966
338,6,-11.7487,109.1530
339,6,-11.9053,109.2028
340,6,-12.0585,109.2459
341,6,-12.2083,109.2824
342,6,-12.3547,109.3122
343,6,-12.4975,109.3354
344,6,-12.6366,109.3519
345,6,-12.7719,109.3618
346,6,-12.9034,109.3650
347,6,-13.0310,109.3616
348,6,-13.1545,109.3516
349,6,-13.2740,109.3349
350,6,-13.3892,109.3117
351,6,-13.5001,109.2818
352,6,-13.6067,109.2455
353,6,-13.7089,109.2026
354,6,-13.8065,109.1532
355,6,-13.8996,109.0975
356,6,-13.9880,109.0353
357,6,-14.0716,108.9667
358,6,-14.1504,108.8919
359,6,-14.2244,108.8107
360,6,-14.2934,108.7234
361,6,-14.3574,108.6300
362,6,-14.4163,108.5305
363,6,-14.4700,108.4249
364,6,-14.5186,108.3134
365,6,-14.5619,108.1961
1,7,-4.1133,117.1620
2,7,-4.1360,117.0347
3,7,-4.1529,116.9023
4,7,-4.1640,116.7651
5,7,-4.1693,116.6230
6,7,-4.1687,116.4762
7,7,-4.1622,116.3248
8,7,-4.1498,116.1688
9,7,-4.1314,116.0084
10,7,-4.1071,115.8436
11,7,-4.0767,115.6746
12,7,-4.0404,115.5014
13,7,-3.9981,115.3242
14,7,-3.9497,115.1430
15,7,-3.8952,114.9580
16,7,-3.8348,114.7692
17,7,-3.7683,114.5768
18,7,-3.6957,114.3810
19,7,-3.6172,114.1817
20,7,-3.5326,113.9791
21,7,-3.4419,113.7733
22,7,-3.3453,113.5645
23,7,-3.2427,113.3527
24,7,-3.1341,113.1381
25,7,-3.0196,112.9207
26,7,-2.8991,112.7008
27,7,-2.7727,112.4783
28,7,-2.6405,112.2534
29,7,-2.5025,112.0263
30,7,-2.3587,111.7969
31,7,-2.2091,111.5655
32,7,-2.0538,111.3322
33,7,-1.8929,111.0970
34,7,-1.7263,110.8601
35,7,-1.5542,110.6215
36,7,-1.3766,110.3814
37,7,-1.1936,110.1398
38,7,-1.0052,109.8969
39,7,-0.8116,109.6528
40,7,-0.6126,109.4075
41,7,-0.4086,109.1612
42,7,-0.1994,108.9138
43,7,0.0147,108.6656
44,7,0.2338,108.4166
45,7,0.4577,108.1669
46,7,0.6864,107.9165
47,7,0.9197,107.6655
48,7,1.1576,107.4140
49,7,1.3999,107.1621
50,7,1.6466,106.9098
51,7,1.8975,106.6572
52,7,2.1526,106.4044
53,7,2.4117,106.1513
54,7,2.6748,105.8981
55,7,2.9417,105.6448
56,7,3.2122,105.3915
57,7,3.4864,105.1381
58,7,3.7640,104.8848
59,7,4.0450,104.6315
60,7,4.3291,104.3784
61,7,4.6164,104.1253
62,7,4.9066,103.8724
63,7,5.1996,103.6197
64,7,5.4953,103.3671
65,7,5.7936,103.1148
66,7,6.0943,102.8627
67,7,6.3973,102.6108
68,7,6.7024,102.3592
69,7,7.0095,102.1078
70,7,7.3184,101.8567
71,7,7.6291,101.6058
72,7,7.9413,101.3552
73,7,8.2550,101.1048
74,7,8.5699,100.8547
75,7,8.8860,100.6049
76,7,9.2030,100.3552
77,7,9.5209,100.1058
78,7,9.8395,99.8567
79,7,10.1586,99.6077
80,7,10.4781,99.3589
81,7,10.7978,99.1104
82,7,11.1176,98.8620
83,7,11.4373,98.6137
84,7,11.7569,98.3656
85,7,12.0761,98.1177
86,7,12.3947,97.8699
87,7,12.7127,97.6221
88,7,13.0300,97.3745
89,7,13.3462,97.1270
90,7,13.6614,96.8796
91,7,13.9753,96.6322
92,7,14.2879,96.3849
93,7,14.5989,96.1376
94,7,14.9083,95.8904
95,7,15.2159,95.6433
96,7,15.5215,95.3962
97,7,15.8250,95.1491
98,7,16.1264,94.9021
99,7,16.4253,94.6552
100,7,16.7219,94.4083
101,7,17.0158,94.1615
102,7,17.3069,93.9148
103,7,17.5952,93.6682
104,7,17.8806,93.4217
105,7,18.1628,93.1754
106,7,18.4418,92.9293
107,7,18.7175,92.6834
108,7,18.9897,92.4377
109,7,19.2584,92.1923
110,7,19.5234,91.9472
111,7,19.7846,91.7024
112,7,20.0420,91.4581
113,7,20.2954,91.2142
114,7,20.5448,90.9708
115,7,20.7900,90.7280
116,7,21.0309,90.4859
117,7,21.2675,90.2444
118,7,21.4997,90.0037
119,7,21.7275,89.7638
120,7,21.9506,89.5249
121,7,22.1691,89.2869
122,7,22.3829,89.0500
123,7,22.5920,88.8143
124,7,22.7962,88.5799
125,7,22.9955,88.3468
126,7,23.1899,88.1151
127,7,23.3793,87.8850
128,7,23.5636,87.6565
129,7,23.7429,87.4298
130,7,23.9170,87.2050
131,7,24.0860,86.9821
132,7,24.2498,86.7613
133,7,24.4084,86.5427
134,7,24.5617,86.3264
135,7,24.7098,86.1126
136,7,24.8526,85.9013
137,7,24.9901,85.6927
138,7,25.1222,85.4868
139,7,25.2491,85.2839
140,7,25.3706,85.0840
141,7,25.4869,84.8873
142,7,25.5978,84.6939
143,7,25.7033,84.5039
144,7,25.8036,84.3174
145,7,25.8986,84.1346
146,7,25.9883,83.9555
147,7,26.0728,83.7804
148,7,26.1520,83.6093
149,7,26.2260,83.4424
150,7,26.2949,83.2797
151,7,26.3585,83.1214
152,7,26.4171,82.9676
153,7,26.4705,82.8184
154,7,26.5189,82.6740
155,7,26.5623,82.5344
156,7,26.6007,82.3997
157,7,26.6341,82.2701
158,7,26.6627,82.1457
159,7,26.6865,82.0265
160,7,26.7054,81.9126
161,7,26.7196,81.8042
162,7,26.7291,81.7013
163,7,26.7340,81.6041
164,7,26.7343,81.5125
165,7,26.7301,81.4268
166,7,26.7214,81.3469
167,7,26.7083,81.2729
168,7,26.6909,81.2049
169,7,26.6692,81.1430
170,7,26.6433,81.0873
171,7,26.6133,81.0377
172,7,26.5791,80.9944
173,7,26.5410,80.9574
174,7,26.4989,80.9267
175,7,26.4529,80.9024
176,7,26.4031,80.8846
177,7,26.3495,80.8732
178,7,26.2923,80.8683
179,7,26.2315,80.8699
180,7,26.1671,80.8781
181,7,26.0993,80.8929
182,7,26.0282,80.9142
183,7,25.9536,80.9422
184,7,25.8759,80.9767
185,7,25.7950,81.0179
186,7,25.7109,81.0657
187,7,25.6239,81.1201
188,7,25.5339,81.1811
189,7,25.4410,81.2487
190,7,25.3453,81.3229
191,7,25.2469,81.4038
192,7,25.1458,81.4911
193,7,25.0421,81.5851
194,7,24.9359,81.6855
195,7,24.8272,81.7924
196,7,24.7162,81.9058
197,7,24.6028,82.0257
198,7,24.4872,82.1519
199,7,24.3694,82.2845
200,7,24.2495,82.4234
201,7,24.1275,82.5686
202,7,24.0036,82.7201
203,7,23.8778,82.8777
204,7,23.7500,83.0414
205,7,23.6206,83.2113
206,7,23.4893,83.3871
207,7,23.3564,83.5689
208,7,23.2219,83.7567
209,7,23.0858,83.9502
210,7,22.9483,84.1496
211,7,22.8093,84.3546
212,7,22.6688,84.5653
213,7,22.5271,84.7815
214,7,22.3840,85.0033
215,7,22.2397,85.2304
216,7,22.0942,85.4630
217,7,21.9475,85.7007
218,7,21.7997,85.9437
219,7,21.6508,86.1917
220,7,21.5008,86.4447
221,7,21.3499,86.7027
222,7,21.1979,86.9655
223,7,21.0450,87.2330
224,7,20.8912,87.5051
225,7,20.7365,87.7818
226,7,20.5810,88.0630
227,7,20.4245,88.3485
228,7,20.2673,88.6383
229,7,20.1093,88.9322
230,7,19.9504,89.2301
231,7,19.7908,89.5320
232,7,19.6304,89.8377
233,7,19.4692,90.1471
234,7,19.3073,90.4601
235,7,19.1447,90.7766
236,7,18.9813,91.0965
237,7,18.8171,91.4196
238,7,18.6522,91.7459
239,7,18.4866,92.0752
240,7,18.3202,92.4074
241,7,18.1530,92.7423
242,7,17.9851,93.0800
243,7,17.8164,93.4201
244,7,17.6469,93.7626
245,7,17.4766,94.1075
246,7,17.3055,94.4544
247,7,17.1335,94.8034
248,7,16.9607,95.1542
249,7,16.7871,95.5068
250,7,16.6125,95.8611
251,7,16.4371,96.2167
252,7,16.2607,96.5738
253,7,16.0833,96.9320
254,7,15.9050,97.2913
255,7,15.7257,97.6515
256,7,15.5454,98.0125
257,7,15.3641,98.3742
258,7,15.1817,98.7363
259,7,14.9983,99.0989
260,7,14.8137,99.4616
261,7,14.6280,99.8245
262,7,14.4412,100.1872
263,7,14.2533,100.5498
264,7,14.0642,100.9121
265,7,13.8739,101.2738
266,7,13.6823,101.6350
267,7,13.4896,101.9954
268,7,13.2957,102.3548
269,7,13.1005,102.7133
270,7,12.9040,103.0705
271,7,12.7063,103.4264
272,7,12.5074,103.7809
273,7,12.3071,104.1337
274,7,12.1056,104.4848
275,7,11.9029,104.8340
276,7,11.6989,105.1812
277,7,11.4936,105.5263
278,7,11.2871,105.8691
279,7,11.0794,106.2095
280,7,10.8704,106.5473
281,7,10.6603,106.8825
282,7,10.4490,107.2149
283,7,10.2365,107.5444
284,7,10.0229,107.8708
285,7,9.8082,108.1940
286,7,9.5924,108.5140
287,7,9.3756,108.8306
288,7,9.1578,109.1437
289,7,8.9390,109.4531
290,7,8.7194,109.7588
291,7,8.4989,110.0606
292,7,8.2775,110.3585
293,7,8.0555,110.6523
294,7,7.8327,110.9419
295,7,7.6093,111.2273
296,7,7.3853,111.5083
297,7,7.1608,111.7848
298,7,6.9359,112.0568
299,7,6.7106,112.3242
300,7,6.4850,112.5868
301,7,6.2592,112.8446
302,7,6.0333,113.0975
303,7,5.8074,113.3454
304,7,5.5814,113.5883
305,7,5.3556,113.8260
306,7,5.1300,114.0586
307,7,4.9048,114.2858
308,7,4.6799,114.5077
309,7,4.4555,114.7242
310,7,4.2317,114.9353
311,7,4.0086,115.1408
312,7,3.7864,115.3407
313,7,3.5650,115.5349
314,7,3.3446,115.7235
315,7,3.1253,115.9063
316,7,2.9073,116.0833
317,7,2.6905,116.2545
318,7,2.4752,116.4197
319,7,2.2615,116.5791
320,7,2.0494,116.7325
321,7,1.8391,116.8799
322,7,1.6306,117.0212
323,7,1.4241,117.1565
324,7,1.2198,117.2857
325,7,1.0176,117.4087
326,7,0.8178,117.5256
327,7,0.6204,117.6364
328,7,0.4255,117.7409
329,7,0.2333,117.8393
330,7,0.0438,117.9314
331,7,-0.1427,118.0172
332,7,-0.3263,118.0968
333,7,-0.5068,118.1702
334,7,-0.6841,118.2373
335,7,-0.8582,118.2981
336,7,-1.0288,118.3526
337,7,-1.1959,118.4009
338,7,-1.3593,118.4429
339,7,-1.5191,118.4786
340,7,-1.6751,118.5081
341,7,-1.8272,118.5313
342,7,-1.9752,118.5483
343,7,-2.1192,118.5591
344,7,-2.2590,118.5637
345,7,-2.3945,118.5620
346,7,-2.5256,118.5542
347,7,-2.6523,118.5403
348,7,-2.7745,118.5203
349,7,-2.8920,118.4942
350,7,-3.0048,118.4620
351,7,-3.1129,118.4238
352,7,-3.2160,118.3797
353,7,-3.3143,118.3296
354,7,-3.4076,118.2736
355,7,-3.4958,118.2118
356,7,-3.5788,118.1441
357,7,-3.6566,118.0708
358,7,-3.7292,117.9917
359,7,-3.7964,117.9070
360,7,-3.8583,117.8168
361,7,-3.9147,117.7210
362,7,-3.9656,117.6198
363,7,-4.0110,117.5132
364,7,-4.0507,117.4014
365,7,-4.0849,117.2843
1,8,5.5142,127.0470
2,8,5.5052,126.9175
3,8,5.5025,126.7837
4,8,5.5059,126.6456
5,8,5.5156,126.5033
6,8,5.5316,126.3569
7,8,5.5538,126.2064
8,8,5.5824,126.0521
9,8,5.6172,125.8939
10,8,5.6583,125.7319
11,8,5.7058,125.5662
12,8,5.7596,125.3970
13,8,5.8196,125.2243
14,8,5.8860,125.0482
15,8,5.9587,124.8688
16,8,6.0376,124.6862
17,8,6.1228,124.5005
18,8,6.2143,124.3118
19,8,6.3120,124.1202
20,8,6.4159,123.9257
21,8,6.5259,123.7286
22,8,6.6421,123.5288
23,8,6.7645,123.3265
24,8,6.8929,123.1217
25,8,7.0273,122.9147
26,8,7.1678,122.7053
27,8,7.3143,122.4939
28,8,7.4666,122.2804
29,8,7.6248,122.0649
30,8,7.7888,121.8476
31,8,7.9586,121.6285
32,8,8.1341,121.4077
33,8,8.3153,121.1853
34,8,8.5020,120.9613
35,8,8.6942,120.7360
36,8,8.8919,120.5093
37,8,9.0950,120.2814
38,8,9.3033,120.0522
39,8,9.5169,119.8220
40,8,9.7356,119.5907
41,8,9.9594,119.3584
42,8,10.1881,119.1253
43,8,10.4218,118.8913
44,8,10.6602,118.6565
45,8,10.9033,118.4211
46,8,11.1510,118.1850
47,8,11.4033,117.9483
48,8,11.6599,117.7110
49,8,11.9208,117.4733
50,8,12.1860,117.2351
51,8,12.4552,116.9965
52,8,12.7284,116.7576
53,8,13.0054,116.5183
54,8,13.2862,116.2788
55,8,13.5707,116.0389
56,8,13.8586,115.7989
57,8,14.1499,115.5586
58,8,14.4445,115.3182
59,8,14.7422,115.0776
60,8,15.0430,114.8368
61,8,15.3466,114.5959
62,8,15.6530,114.3549
63,8,15.9619,114.1138
64,8,16.2734,113.8725
65,8,16.5872,113.6312
66,8,16.9032,113.3897
67,8,17.2213,113.1481
68,8,17.5413,112.9064
69,8,17.8631,112.6645
70,8,18.1866,112.4225
71,8,18.5116,112.1804
72,8,18.8379,111.9380
73,8,19.1654,111.6955
74,8,19.4940,111.4528
75,8,19.8235,111.2099
76,8,20.1538,110.9668
77,8,20.4847,110.7234
78,8,20.8161,110.4797
79,8,21.1478,110.2357
80,8,21.4797,109.9914
81,8,21.8117,109.7467
82,8,22.1435,109.5016
83,8,22.4750,109.2562
84,8,22.8062,109.0103
85,8,23.1368,108.7640
86,8,23.4666,108.5172
87,8,23.7956,108.2699
88,8,24.1236,108.0221
89,8,24.4505,107.7738
90,8,24.7761,107.5249
91,8,25.1002,107.2754
92,8,25.4227,107.0254
93,8,25.7435,106.7748
94,8,26.0624,106.5235
95,8,26.3794,106.2716
96,8,26.6941,106.0191
97,8,27.0066,105.7660
98,8,27.3167,105.5122
99,8,27.6242,105.2578
100,8,27.9291,105.0028
101,8,28.2311,104.7472
102,8,28.5301,104.4909
103,8,28.8261,104.2341
104,8,29.1189,103.9767
105,8,29.4084,103.7188
106,8,29.6945,103.4604
107,8,29.9770,103.2014
108,8,30.2558,102.9421
109,8,30.5309,102.6823
110,8,30.8021,102.4222
111,8,31.0692,102.1618
112,8,31.3323,101.9012
113,8,31.5912,101.6404
114,8,31.8458,101.3795
115,8,32.0961,101.1185
116,8,32.3418,100.8576
117,8,32.5830,100.5968
118,8,32.8196,100.3362
119,8,33.0514,100.0759
120,8,33.2785,99.8160
121,8,33.5007,99.5566
122,8,33.7179,99.2978
123,8,33.9302,99.0397
124,8,34.1374,98.7825
125,8,34.3395,98.5262
126,8,34.5364,98.2710
127,8,34.7282,98.0170
128,8,34.9146,97.7644
129,8,35.0958,97.5132
130,8,35.2716,97.2636
131,8,35.4421,97.0158
132,8,35.6072,96.7700
133,8,35.7668,96.5261
134,8,35.9211,96.2845
135,8,36.0698,96.0452
136,8,36.2131,95.8085
137,8,36.3510,95.5744
138,8,36.4833,95.3432
139,8,36.6102,95.1150
140,8,36.7315,94.8899
141,8,36.8475,94.6682
142,8,36.9579,94.4499
143,8,37.0629,94.2353
144,8,37.1625,94.0245
145,8,37.2566,93.8176
146,8,37.3454,93.6149
147,8,37.4288,93.4165
148,8,37.5069,93.2225
149,8,37.5796,93.0332
150,8,37.6472,92.8486
151,8,37.7094,92.6689
152,8,37.7665,92.4942
153,8,37.8185,92.3248
154,8,37.8653,92.1607
155,8,37.9071,92.0021
156,8,37.9440,91.8491
157,8,37.9758,91.7019
158,8,38.0028,91.5606
159,8,38.0249,91.4253
160,8,38.0423,91.2961
161,8,38.0549,91.1731
162,8,38.0629,91.0565
163,8,38.0663,90.9464
164,8,38.0652,90.8428
165,8,38.0596,90.7459
166,8,38.0495,90.6557
167,8,38.0352,90.5724
168,8,38.0166,90.4960
169,8,37.9938,90.4266
170,8,37.9668,90.3643
171,8,37.9358,90.3090
172,8,37.9009,90.2610
173,8,37.8619,90.2203
174,8,37.8192,90.1868
175,8,37.7727,90.1606
176,8,37.7224,90.1419
177,8,37.6686,90.1305
178,8,37.6111,90.1266
179,8,37.5502,90.1302
180,8,37.4859,90.1412
181,8,37.4182,90.1598
182,8,37.3472,90.1858
183,8,37.2730,90.2194
184,8,37.1957,90.2605
185,8,37.1153,90.3091
186,8,37.0319,90.3652
187,8,36.9456,90.4287
188,8,36.8565,90.4998
189,8,36.7645,90.5783
190,8,36.6698,90.6642
191,8,36.5724,90.7575
192,8,36.4725,90.8581
193,8,36.3700,90.9660
194,8,36.2650,91.0813
195,8,36.1576,91.2037
196,8,36.0479,91.3334
197,8,35.9359,91.4701
198,8,35.8217,91.6140
199,8,35.7053,91.7648
200,8,35.5868,91.9226
201,8,35.4662,92.0873
202,8,35.3436,92.2588
203,8,35.2191,92.4370
204,8,35.0926,92.6219
205,8,34.9643,92.8134
206,8,34.8343,93.0114
207,8,34.7024,93.2159
208,8,34.5689,93.4267
209,8,34.4336,93.6438
210,8,34.2968,93.8670
211,8,34.1584,94.0964
212,8,34.0184,94.3317
213,8,33.8769,94.5729
214,8,33.7340,94.8200
215,8,33.5896,95.0727
216,8,33.4438,95.3310
217,8,33.2966,95.5949
218,8,33.1480,95.8641
219,8,32.9981,96.1385
220,8,32.8470,96.4182
221,8,32.6945,96.7029
222,8,32.5408,96.9926
223,8,32.3858,97.2871
224,8,32.2296,97.5863
225,8,32.0722,97.8901
226,8,31.9136,98.1984
227,8,31.7537,98.5110
228,8,31.5927,98.8278
229,8,31.4306,99.1488
230,8,31.2672,99.4737
231,8,31.1027,99.8025
232,8,30.9370,100.1350
233,8,30.7701,100.4710
234,8,30.6020,100.8105
235,8,30.4328,101.1534
236,8,30.2623,101.4994
237,8,30.0907,101.8484
238,8,29.9179,102.2003
239,8,29.7438,102.5550
240,8,29.5686,102.9123
241,8,29.3920,103.2721
242,8,29.2143,103.6342
243,8,29.0353,103.9985
244,8,28.8550,104.3648
245,8,28.6733,104.7330
246,8,28.4904,105.1029
247,8,28.3062,105.4744
248,8,28.1206,105.8474
249,8,27.9336,106.2216
250,8,27.7452,106.5969
251,8,27.5555,106.9732
252,8,27.3643,107.3504
253,8,27.1717,107.7282
254,8,26.9776,108.1065
255,8,26.7820,108.4851
256,8,26.5850,108.8640
257,8,26.3864,109.2429
258,8,26.1864,109.6217
259,8,25.9848,110.0002
260,8,25.7816,110.3782
261,8,25.5769,110.7557
262,8,25.3706,111.1325
263,8,25.1627,111.5084
264,8,24.9533,111.8832
265,8,24.7422,112.2568
266,8,24.5296,112.6290
267,8,24.3154,112.9998
268,8,24.0996,113.3689
269,8,23.8822,113.7362
270,8,23.6632,114.1016
271,8,23.4426,114.4648
272,8,23.2205,114.8258
273,8,22.9969,115.1844
274,8,22.7717,115.5405
275,8,22.5450,115.8939
276,8,22.3168,116.2446
277,8,22.0871,116.5922
278,8,21.8560,116.9368
279,8,21.6235,117.2782
280,8,21.3897,117.6163
281,8,21.1545,117.9509
282,8,20.9180,118.2819
283,8,20.6802,118.6092
284,8,20.4413,118.9327
285,8,20.2012,119.2522
286,8,19.9600,119.5677
287,8,19.7177,119.8790
288,8,19.4745,120.1861
289,8,19.2304,120.4888
290,8,18.9854,120.7870
291,8,18.7396,121.0806
292,8,18.4931,121.3696
293,8,18.2460,121.6538
294,8,17.9983,121.9331
295,8,17.7502,122.2076
296,8,17.5017,122.4770
297,8,17.2528,122.7413
298,8,17.0037,123.0004
299,8,16.7546,123.2544
300,8,16.5054,123.5030
301,8,16.2562,123.7462
302,8,16.0073,123.9840
303,8,15.7586,124.2163
304,8,15.5102,124.4430
305,8,15.2624,124.6642
306,8,15.0151,124.8797
307,8,14.7686,125.0895
308,8,14.5228,125.2935
309,8,14.2780,125.4917
310,8,14.0342,125.6842
311,8,13.7915,125.8707
312,8,13.5502,126.0514
313,8,13.3102,126.2261
314,8,13.0717,126.3949
315,8,12.8348,126.5577
316,8,12.5997,126.7146
317,8,12.3664,126.8654
318,8,12.1351,127.0101
319,8,11.9059,127.1488
320,8,11.6790,127.2815
321,8,11.4544,127.4081
322,8,11.2322,127.5286
323,8,11.0126,127.6430
324,8,10.7958,127.7513
325,8,10.5817,127.8535
326,8,10.3706,127.9497
327,8,10.1626,128.0397
328,8,9.9578,128.1237
329,8,9.7562,128.2016
330,8,9.5580,128.2735
331,8,9.3634,128.3393
332,8,9.1724,128.3990
333,8,8.9852,128.4527
334,8,8.8018,128.5004
335,8,8.6223,128.5422
336,8,8.4470,128.5779
337,8,8.2758,128.6077
338,8,8.1088,128.6316
339,8,7.9463,128.6495
340,8,7.7882,128.6616
341,8,7.6347,128.6678
342,8,7.4859,128.6683
343,8,7.3418,128.6629
344,8,7.2026,128.6518
345,8,7.0683,128.6350
346,8,6.9390,128.6125
347,8,6.8148,128.5844
348,8,6.6958,128.5507
349,8,6.5820,128.5115
350,8,6.4736,128.4667
351,8,6.3706,128.4165
352,8,6.2730,128.3609
353,8,6.1810,128.2999
354,8,6.0946,128.2336
355,8,6.0138,128.1621
356,8,5.9388,128.0854
357,8,5.8696,128.0036
358,8,5.8062,127.9167
359,8,5.7486,127.8248
360,8,5.6970,127.7279
361,8,5.6514,127.6262
362,8,5.6118,127.5197
363,8,5.5782,127.4084
364,8,5.5508,127.2925
365,8,5.5294,127.1720
1,9,13.8847,138.1762
2,9,13.8936,138.0433
3,9,13.9091,137.9068
4,9,13.9313,137.7668
5,9,13.9602,137.6234
6,9,13.9958,137.4766
7,9,14.0382,137.3266
8,9,14.0872,137.1734
9,9,14.1430,137.0172
10,9,14.2054,136.8579
11,9,14.2745,136.6957
12,9,14.3502,136.5306
13,9,14.4326,136.3628
14,9,14.5216,136.1923
15,9,14.6172,136.0192
16,9,14.7193,135.8435
17,9,14.8280,135.6655
18,9,14.9432,135.4851
19,9,15.0648,135.3025
20,9,15.1929,135.1176
21,9,15.3273,134.9307
22,9,15.4681,134.7418
23,9,15.6152,134.5510
24,9,15.7685,134.3583
25,9,15.9280,134.1638
26,9,16.0937,133.9677
27,9,16.2654,133.7699
28,9,16.4432,133.5707
29,9,16.6268,133.3699
30,9,16.8164,133.1678
31,9,17.0118,132.9645
32,9,17.2130,132.7599
33,9,17.4198,132.5541
34,9,17.6323,132.3472
35,9,17.8503,132.1394
36,9,18.0737,131.9305
37,9,18.3025,131.7208
38,9,18.5365,131.5103
39,9,18.7758,131.2990
40,9,19.0201,131.0870
41,9,19.2695,130.8743
42,9,19.5237,130.6610
43,9,19.7828,130.4471
44,9,20.0466,130.2328
45,9,20.3151,130.0179
46,9,20.5880,129.8027
47,9,20.8654,129.5870
48,9,21.1470,129.3710
49,9,21.4329,129.1546
50,9,21.7228,128.9380
51,9,22.0167,128.7211
52,9,22.3144,128.5039
53,9,22.6159,128.2865
54,9,22.9210,128.0689
55,9,23.2296,127.8510
56,9,23.5416,127.6330
57,9,23.8568,127.4147
58,9,24.1751,127.1963
59,9,24.4964,126.9777
60,9,24.8206,126.7589
61,9,25.1476,126.5399
62,9,25.4771,126.3207
63,9,25.8091,126.1012
64,9,26.1435,125.8815
65,9,26.4800,125.6616
66,9,26.8186,125.4414
67,9,27.1591,125.2209
68,9,27.5014,125.0000
69,9,27.8454,124.7788
70,9,28.1908,124.5572
71,9,28.5377,124.3352
72,9,28.8857,124.1127
73,9,29.2348,123.8897
74,9,29.5848,123.6661
75,9,29.9357,123.4420
76,9,30.2871,123.2173
77,9,30.6391,122.9919
78,9,30.9914,122.7657
79,9,31.3439,122.5388
80,9,31.6964,122.3112
81,9,32.0489,122.0826
82,9,32.4011,121.8531
83,9,32.7529,121.6227
84,9,33.1042,121.3913
85,9,33.4548,121.1588
86,9,33.8046,120.9252
87,9,34.1533,120.6905
88,9,34.5010,120.4545
89,9,34.8474,120.2173
90,9,35.1924,119.9789
91,9,35.5358,119.7391
92,9,35.8775,119.4979
93,9,36.2173,119.2553
94,9,36.5552,119.0113
95,9,36.8909,118.7658
96,9,37.2244,118.5188
97,9,37.5555,118.2702
98,9,37.8840,118.0201
99,9,38.2098,117.7684
100,9,38.5328,117.5151
101,9,38.8528,117.2602
102,9,39.1698,117.0037
103,9,39.4835,116.7455
104,9,39.7939,116.4858
105,9,40.1008,116.2244
106,9,40.4042,115.9615
107,9,40.7038,115.6970
108,9,40.9996,115.4310
109,9,41.2915,115.1635
110,9,41.5792,114.8945
111,9,41.8628,114.6240
112,9,42.1422,114.3522
113,9,42.4171,114.0792
114,9,42.6876,113.8048
115,9,42.9535,113.5293
116,9,43.2146,113.2528
117,9,43.4711,112.9752
118,9,43.7226,112.6967
119,9,43.9692,112.4175
120,9,44.2108,112.1376
121,9,44.4472,111.8571
122,9,44.6785,111.5762
123,9,44.9045,111.2950
124,9,45.1253,111.0137
125,9,45.3406,110.7323
126,9,45.5505,110.4511
127,9,45.7549,110.1703
128,9,45.9537,109.8899
129,9,46.1470,109.6102
130,9,46.3346,109.3313
131,9,46.5166,109.0535
132,9,46.6929,108.7768
133,9,46.8635,108.5017
134,9,47.0283,108.2281
135,9,47.1873,107.9564
136,9,47.3406,107.6867
137,9,47.4881,107.4193
138,9,47.6298,107.1544
139,9,47.7657,106.8922
140,9,47.8958,106.6329
141,9,48.0201,106.3768
142,9,48.1386,106.1240
143,9,48.2514,105.8749
144,9,48.3584,105.6296
145,9,48.4598,105.3883
146,9,48.5554,105.1513
147,9,48.6453,104.9189
148,9,48.7297,104.6911
149,9,48.8084,104.4684
150,9,48.8816,104.2508
151,9,48.9493,104.0386
152,9,49.0115,103.8319
153,9,49.0684,103.6311
154,9,49.1198,103.4363
155,9,49.1659,103.2477
156,9,49.2068,103.0655
157,9,49.2425,102.8899
158,9,49.2731,102.7210
159,9,49.2986,102.5591
160,9,49.3191,102.4043
161,9,49.3347,102.2567
162,9,49.3454,102.1166
163,9,49.3513,101.9841
164,9,49.3524,101.8592
165,9,49.3489,101.7422
166,9,49.3408,101.6332
167,9,49.3282,101.5322
168,9,49.3111,101.4394
169,9,49.2897,101.3550
170,9,49.2639,101.2789
171,9,49.2340,101.2112
172,9,49.1999,101.1522
173,9,49.1617,101.1017
174,9,49.1195,101.0599
175,9,49.0734,101.0268
176,9,49.0234,101.0026
177,9,48.9696,100.9871
178,9,48.9121,100.9804
179,9,48.8510,100.9827
180,9,48.7863,100.9938
181,9,48.7181,101.0138
182,9,48.6465,101.0426
183,9,48.5715,101.0804
184,9,48.4932,101.1270
185,9,48.4116,101.1825
186,9,48.3270,101.2468
187,9,48.2392,101.3199
188,9,48.1483,101.4018
189,9,48.0545,101.4924
190,9,47.9578,101.5916
191,9,47.8582,101.6994
192,9,47.7558,101.8158
193,9,47.6506,101.9407
194,9,47.5428,102.0740
195,9,47.4323,102.2156
196,9,47.3193,102.3655
197,9,47.2037,102.5235
198,9,47.0856,102.6897
199,9,46.9651,102.8638
200,9,46.8422,103.0458
201,9,46.7170,103.2357
202,9,46.5895,103.4332
203,9,46.4597,103.6383
204,9,46.3276,103.8509
205,9,46.1934,104.0709
206,9,46.0571,104.2981
207,9,45.9186,104.5325
208,9,45.7781,104.7738
209,9,45.6355,105.0221
210,9,45.4908,105.2771
211,9,45.3442,105.5387
212,9,45.1957,105.8069
213,9,45.0452,106.0814
214,9,44.8928,106.3621
215,9,44.7385,106.6489
216,9,44.5823,106.9417
217,9,44.4242,107.2402
218,9,44.2644,107.5444
219,9,44.1027,107.8541
220,9,43.9392,108.1692
221,9,43.7738,108.4895
222,9,43.6067,108.8148
223,9,43.4379,109.1451
224,9,43.2672,109.4801
225,9,43.0948,109.8197
226,9,42.9206,110.1637
227,9,42.7446,110.5120
228,9,42.5669,110.8643
229,9,42.3875,111.2207
230,9,42.2062,111.5808
231,9,42.0232,111.9445
232,9,41.8385,112.3117
233,9,41.6519,112.6821
234,9,41.4636,113.0556
235,9,41.2735,113.4321
236,9,41.0816,113.8114
237,9,40.8879,114.1932
238,9,40.6924,114.5774
239,9,40.4951,114.9639
240,9,40.2960,115.3525
241,9,40.0950,115.7429
242,9,39.8922,116.1350
243,9,39.6875,116.5287
244,9,39.4810,116.9237
245,9,39.2725,117.3199
246,9,39.0622,117.7171
247,9,38.8500,118.1151
248,9,38.6359,118.5138
249,9,38.4199,118.9129
250,9,38.2020,119.3123
251,9,37.9821,119.7117
252,9,37.7603,120.1111
253,9,37.5366,120.5103
254,9,37.3110,120.9090
255,9,37.0834,121.3071
256,9,36.8538,121.7044
257,9,36.6223,122.1007
258,9,36.3889,122.4960
259,9,36.1535,122.8899
260,9,35.9162,123.2823
261,9,35.6770,123.6730
262,9,35.4359,124.0620
263,9,35.1929,124.4490
264,9,34.9480,124.8338
265,9,34.7013,125.2163
266,9,34.4527,125.5964
267,9,34.2022,125.9738
268,9,33.9500,126.3484
269,9,33.6960,126.7201
270,9,33.4403,127.0887
271,9,33.1829,127.4541
272,9,32.9238,127.8161
273,9,32.6630,128.1746
274,9,32.4007,128.5295
275,9,32.1369,128.8806
276,9,31.8715,129.2277
277,9,31.6047,129.5708
278,9,31.3365,129.9098
279,9,31.0670,130.2444
280,9,30.7962,130.5747
281,9,30.5242,130.9004
282,9,30.2511,131.2215
283,9,29.9768,131.5379
284,9,29.7016,131.8494
285,9,29.4255,132.1560
286,9,29.1485,132.4576
287,9,28.8707,132.7541
288,9,28.5923,133.0454
289,9,28.3133,133.3314
290,9,28.0338,133.6120
291,9,27.7538,133.8872
292,9,27.4736,134.1570
293,9,27.1931,134.4211
294,9,26.9125,134.6797
295,9,26.6319,134.9325
296,9,26.3514,135.1797
297,9,26.0711,135.4210
298,9,25.7910,135.6566
299,9,25.5115,135.8862
300,9,25.2324,136.1100
301,9,24.9540,136.3278
302,9,24.6763,136.5396
303,9,24.3995,136.7455
304,9,24.1237,136.9453
305,9,23.8491,137.1391
306,9,23.5756,137.3268
307,9,23.3036,137.5084
308,9,23.0330,137.6840
309,9,22.7640,137.8534
310,9,22.4968,138.0168
311,9,22.2315,138.1740
312,9,21.9681,138.3252
313,9,21.7069,138.4702
314,9,21.4479,138.6092
315,9,21.1913,138.7421
316,9,20.9371,138.8689
317,9,20.6857,138.9896
318,9,20.4369,139.1043
319,9,20.1911,139.2130
320,9,19.9482,139.3156
321,9,19.7085,139.4123
322,9,19.4721,139.5030
323,9,19.2390,139.5877
324,9,19.0095,139.6666
325,9,18.7836,139.7395
326,9,18.5614,139.8066
327,9,18.3431,139.8679
328,9,18.1288,139.9233
329,9,17.9185,139.9730
330,9,17.7125,140.0170
331,9,17.5109,140.0553
332,9,17.3136,140.0879
333,9,17.1209,140.1149
334,9,16.9329,140.1363
335,9,16.7497,140.1522
336,9,16.5713,140.1626
337,9,16.3978,140.1676
338,9,16.2295,140.1672
339,9,16.0663,140.1614
340,9,15.9083,140.1503
341,9,15.7557,140.1339
342,9,15.6085,140.1124
343,9,15.4668,140.0856
344,9,15.3308,140.0538
345,9,15.2004,140.0169
346,9,15.0757,139.9749
347,9,14.9569,139.9281
348,9,14.8441,139.8763
349,9,14.7371,139.8197
350,9,14.6362,139.7583
351,9,14.5414,139.6922
352,9,14.4528,139.6214
353,9,14.3704,139.5460
354,9,14.2943,139.4661
355,9,14.2244,139.3817
356,9,14.1610,139.2928
357,9,14.1039,139.1996
358,9,14.0533,139.1022
359,9,14.0092,139.0005
360,9,13.9716,138.8946
361,9,13.9406,138.7847
362,9,13.9162,138.6707
363,9,13.8983,138.5528
364,9,13.8871,138.4311
365,9,13.8826,138.3055
1,10,20.4936,150.8571
2,10,20.5242,150.7227
3,10,20.5620,150.5859
4,10,20.6070,150.4467
5,10,20.6591,150.3051
6,10,20.7183,150.1613
7,10,20.7846,150.0153
8,10,20.8579,149.8672
9,10,20.9384,149.7170
10,10,21.0258,149.5649
11,10,21.1203,149.4109
12,10,21.2217,149.2551
13,10,21.3301,149.0976
14,10,21.4453,148.9384
15,10,21.5675,148.7776
16,10,21.6964,148.6153
17,10,21.8321,148.4516
18,10,21.9746,148.2865
19,10,22.1237,148.1202
20,10,22.2794,147.9526
21,10,22.4417,147.7838
22,10,22.6106,147.6140
23,10,22.7858,147.4432
24,10,22.9675,147.2715
25,10,23.1554,147.0989
26,10,23.3496,146.9256
27,10,23.5500,146.7515
28,10,23.7565,146.5767
29,10,23.9690,146.4014
30,10,24.1875,146.2255
31,10,24.4118,146.0492
32,10,24.6420,145.8724
33,10,24.8778,145.6953
34,10,25.1193,145.5180
35,10,25.3663,145.3403
36,10,25.6187,145.1625
37,10,25.8765,144.9846
38,10,26.1396,144.8066
39,10,26.4078,144.6285
40,10,26.6811,144.4505
41,10,26.9593,144.2725
42,10,27.2424,144.0945
43,10,27.5303,143.9167
44,10,27.8228,143.7390
45,10,28.1198,143.5615
46,10,28.4213,143.3842
47,10,28.7272,143.2072
48,10,29.0372,143.0304
49,10,29.3513,142.8538
50,10,29.6695,142.6775
51,10,29.9915,142.5015
52,10,30.3172,142.3258
53,10,30.6466,142.1504
54,10,30.9795,141.9753
55,10,31.3158,141.8005
56,10,31.6554,141.6260
57,10,31.9981,141.4517
58,10,32.3438,141.2777
59,10,32.6924,141.1039
60,10,33.0438,140.9304
61,10,33.3978,140.7571
62,10,33.7544,140.5839
63,10,34.1133,140.4109
64,10,34.4744,140.2379
65,10,34.8377,140.0650
66,10,35.2029,139.8922
67,10,35.5700,139.7193
68,10,35.9388,139.5463
69,10,36.3092,139.3732
70,10,36.6810,139.1999
71,10,37.0541,139.0263
72,10,37.4283,138.8524
73,10,37.8036,138.6782
74,10,38.1798,138.5035
75,10,38.5567,138.3283
76,10,38.9343,138.1525
77,10,39.3123,137.9760
78,10,39.6906,137.7988
79,10,40.0692,137.6208
80,10,40.4477,137.4418
81,10,40.8262,137.2619
82,10,41.2045,137.0809
83,10,41.5823,136.8987
84,10,41.9597,136.7153
85,10,42.3364,136.5305
86,10,42.7123,136.3442
87,10,43.0872,136.1565
88,10,43.4611,135.9671
89,10,43.8338,135.7760
90,10,44.2051,135.5831
91,10,44.5749,135.3883
92,10,44.9431,135.1915
93,10,45.3094,134.9926
94,10,45.6739,134.7916
95,10,46.0363,134.5883
96,10,46.3965,134.3827
97,10,46.7544,134.1746
98,10,47.1098,133.9641
99,10,47.4626,133.7510
100,10,47.8127,133.5352
101,10,48.1599,133.3168
102,10,48.5041,133.0955
103,10,48.8452,132.8714
104,10,49.1830,132.6444
105,10,49.5174,132.4145
106,10,49.8483,132.1816
107,10,50.1755,131.9457
108,10,50.4990,131.7067
109,10,50.8186,131.4647
110,10,51.1341,131.2196
111,10,51.4456,130.9713
112,10,51.7527,130.7200
113,10,52.0555,130.4657
114,10,52.3539,130.2082
115,10,52.6476,129.9478
116,10,52.9366,129.6844
117,10,53.2209,129.4180
118,10,53.5002,129.1488
119,10,53.7745,128.8768
120,10,54.0437,128.6020
121,10,54.3077,128.3247
122,10,54.5665,128.0448
123,10,54.8198,127.7626
124,10,55.0678,127.4781
125,10,55.3101,127.1916
126,10,55.5469,126.9030
127,10,55.7780,126.6127
128,10,56.0033,126.3208
129,10,56.2228,126.0275
130,10,56.4365,125.7330
131,10,56.6442,125.4375
132,10,56.8459,125.1413
133,10,57.0416,124.8445
134,10,57.2312,124.5475
135,10,57.4147,124.2505
136,10,57.5921,123.9538
137,10,57.7633,123.6576
138,10,57.9284,123.3623
139,10,58.0872,123.0681
140,10,58.2398,122.7754
141,10,58.3861,122.4844
142,10,58.5262,122.1956
143,10,58.6601,121.9091
144,10,58.7878,121.6254
145,10,58.9092,121.3447
146,10,59.0244,121.0674
147,10,59.1334,120.7939
148,10,59.2363,120.5245
149,10,59.3330,120.2594
150,10,59.4236,119.9992
151,10,59.5081,119.7440
152,10,59.5866,119.4942
153,10,59.6591,119.2501
154,10,59.7257,119.0121
155,10,59.7864,118.7805
156,10,59.8412,118.5556
157,10,59.8902,118.3377
158,10,59.9335,118.1270
159,10,59.9711,117.9240
160,10,60.0031,117.7287
161,10,60.0295,117.5416
162,10,60.0505,117.3629
163,10,60.0661,117.1927
164,10,60.0763,117.0314
165,10,60.0812,116.8792
166,10,60.0810,116.7362
167,10,60.0756,116.6027
168,10,60.0652,116.4789
169,10,60.0498,116.3648
170,10,60.0294,116.2608
171,10,60.0043,116.1668
172,10,59.9744,116.0831
173,10,59.9398,116.0098
174,10,59.9007,115.9469
175,10,59.8570,115.8945
176,10,59.8088,115.8527
177,10,59.7562,115.8217
178,10,59.6994,115.8013
179,10,59.6383,115.7917
180,10,59.5730,115.7929
181,10,59.5036,115.8049
182,10,59.4302,115.8277
183,10,59.3528,115.8612
184,10,59.2715,115.9055
185,10,59.1863,115.9605
186,10,59.0974,116.0261
187,10,59.0048,116.1024
188,10,58.9085,116.1892
189,10,58.8085,116.2865
190,10,58.7051,116.3941
191,10,58.5981,116.5121
192,10,58.4877,116.6402
193,10,58.3740,116.7784
194,10,58.2568,116.9265
195,10,58.1364,117.0845
196,10,58.0127,117.2521
197,10,57.8859,117.4293
198,10,57.7558,117.6159
199,10,57.6227,117.8118
200,10,57.4864,118.0168
201,10,57.3471,118.2307
202,10,57.2048,118.4533
203,10,57.0595,118.6846
204,10,56.9113,118.9243
205,10,56.7602,119.1722
206,10,56.6062,119.4282
207,10,56.4494,119.6921
208,10,56.2897,119.9637
209,10,56.1272,120.2427
210,10,55.9619,120.5291
211,10,55.7939,120.8225
212,10,55.6232,121.1228
213,10,55.4497,121.4299
214,10,55.2736,121.7434
215,10,55.0948,122.0632
216,10,54.9133,122.3890
217,10,54.7292,122.7208
218,10,54.5425,123.0581
219,10,54.3531,123.4009
220,10,54.1612,123.7490
221,10,53.9666,124.1020
222,10,53.7695,124.4599
223,10,53.5698,124.8223
224,10,53.3676,125.1890
225,10,53.1628,125.5599
226,10,52.9554,125.9347
227,10,52.7456,126.3133
228,10,52.5332,126.6953
229,10,52.3183,127.0805
230,10,52.1008,127.4689
231,10,51.8809,127.8600
232,10,51.6584,128.2538
233,10,51.4335,128.6499
234,10,51.2061,129.0482
235,10,50.9762,129.4485
236,10,50.7438,129.8505
237,10,50.5089,130.2541
238,10,50.2716,130.6589
239,10,50.0318,131.0648
240,10,49.7896,131.4716
241,10,49.5449,131.8791
242,10,49.2978,132.2871
243,10,49.0483,132.6953
244,10,48.7964,133.1035
245,10,48.5420,133.5116
246,10,48.2853,133.9193
247,10,48.0262,134.3264
248,10,47.7648,134.7327
249,10,47.5010,135.1381
250,10,47.2349,135.5423
251,10,46.9665,135.9452
252,10,46.6958,136.3465
253,10,46.4228,136.7460
254,10,46.1476,137.1437
255,10,45.8703,137.5392
256,10,45.5907,137.9324
257,10,45.3090,138.3232
258,10,45.0252,138.7114
259,10,44.7393,139.0967
260,10,44.4513,139.4790
261,10,44.1614,139.8583
262,10,43.8695,140.2342
263,10,43.5757,140.6066
264,10,43.2800,140.9755
265,10,42.9825,141.3406
266,10,42.6833,141.7018
267,10,42.3823,142.0590
268,10,42.0797,142.4120
269,10,41.7754,142.7607
270,10,41.4697,143.1050
271,10,41.1624,143.4448
272,10,40.8538,143.7798
273,10,40.5438,144.1101
274,10,40.2326,144.4355
275,10,39.9202,144.7559
276,10,39.6067,145.0712
277,10,39.2921,145.3814
278,10,38.9766,145.6862
279,10,38.6602,145.9857
280,10,38.3431,146.2798
281,10,38.0253,146.5683
282,10,37.7069,146.8512
283,10,37.3879,147.1285
284,10,37.0686,147.4001
285,10,36.7490,147.6658
286,10,36.4292,147.9258
287,10,36.1093,148.1799
288,10,35.7894,148.4280
289,10,35.4696,148.6702
290,10,35.1500,148.9064
291,10,34.8308,149.1365
292,10,34.5120,149.3606
293,10,34.1938,149.5787
294,10,33.8763,149.7906
295,10,33.5595,149.9964
296,10,33.2437,150.1961
297,10,32.9290,150.3896
298,10,32.6154,150.5770
299,10,32.3030,150.7583
300,10,31.9921,150.9334
301,10,31.6827,151.1024
302,10,31.3750,151.2653
303,10,31.0691,151.4220
304,10,30.7650,151.5727
305,10,30.4630,151.7173
306,10,30.1632,151.8559
307,10,29.8657,151.9884
308,10,29.5706,152.1149
309,10,29.2781,152.2355
310,10,28.9882,152.3501
311,10,28.7012,152.4588
312,10,28.4171,152.5616
313,10,28.1361,152.6586
314,10,27.8583,152.7498
315,10,27.5838,152.8353
316,10,27.3128,152.9150
317,10,27.0453,152.9891
318,10,26.7815,153.0575
319,10,26.5216,153.1204
320,10,26.2657,153.1778
321,10,26.0138,153.2297
322,10,25.7661,153.2762
323,10,25.5227,153.3173
324,10,25.2838,153.3531
325,10,25.0494,153.3837
326,10,24.8196,153.4090
327,10,24.5947,153.4292
328,10,24.3746,153.4443
329,10,24.1596,153.4544
330,10,23.9497,153.4595
331,10,23.7449,153.4597
332,10,23.5455,153.4551
333,10,23.3515,153.4456
334,10,23.1631,153.4314
335,10,22.9802,153.4126
336,10,22.8031,153.3891
337,10,22.6317,153.3611
338,10,22.4663,153.3286
339,10,22.3068,153.2917
340,10,22.1534,153.2504
341,10,22.0061,153.2048
342,10,21.8650,153.1550
343,10,21.7302,153.1010
344,10,21.6018,153.0428
345,10,21.4799,152.9807
346,10,21.3644,152.9145
347,10,21.2555,152.8445
348,10,21.1532,152.7706
349,10,21.0576,152.6929
350,10,20.9687,152.6114
351,10,20.8866,152.5264
352,10,20.8113,152.4377
353,10,20.7429,152.3455
354,10,20.6815,152.2498
355,10,20.6269,152.1508
356,10,20.5794,152.0484
357,10,20.5389,151.9428
358,10,20.5054,151.8340
359,10,20.4790,151.7220
360,10,20.4597,151.6070
361,10,20.4475,151.4891
362,10,20.4424,151.3682
363,10,20.4445,151.2445
364,10,20.4537,151.1180
365,10,20.4701,150.9889
1,11,24.7709,165.0720
2,11,24.8262,164.9427
3,11,24.8889,164.8125
4,11,24.9590,164.6814
5,11,25.0365,164.5494
6,11,25.1214,164.4166
7,11,25.2136,164.2831
8,11,25.3131,164.1490
9,11,25.4199,164.0143
10,11,25.5339,163.8792
11,11,25.6551,163.7436
12,11,25.7834,163.6076
13,11,25.9189,163.4714
14,11,26.0613,163.3349
15,11,26.2108,163.1983
16,11,26.3672,163.0616
17,11,26.5304,162.9250
18,11,26.7005,162.7883
19,11,26.8773,162.6518
20,11,27.0608,162.5155
21,11,27.2509,162.3795
22,11,27.4476,162.2438
23,11,27.6507,162.1085
24,11,27.8602,161.9737
25,11,28.0760,161.8394
26,11,28.2981,161.7057
27,11,28.5263,161.5726
28,11,28.7605,161.4402
29,11,29.0008,161.3087
30,11,29.2469,161.1780
31,11,29.4988,161.0481
32,11,29.7565,160.9192
33,11,30.0197,160.7913
34,11,30.2885,160.6645
35,11,30.5627,160.5388
36,11,30.8422,160.4143
37,11,31.1269,160.2909
38,11,31.4168,160.1688
39,11,31.7117,160.0480
40,11,32.0114,159.9285
41,11,32.3160,159.8104
42,11,32.6253,159.6937
43,11,32.9391,159.5785
44,11,33.2575,159.4647
45,11,33.5802,159.3525
46,11,33.9072,159.2417
47,11,34.2383,159.1325
48,11,34.5734,159.0249
49,11,34.9124,158.9189
50,11,35.2552,158.8144
51,11,35.6018,158.7116
52,11,35.9518,158.6104
53,11,36.3053,158.5108
54,11,36.6621,158.4128
55,11,37.0222,158.3164
56,11,37.3852,158.2217
57,11,37.7513,158.1285
58,11,38.1202,158.0369
59,11,38.4918,157.9469
60,11,38.8660,157.8584
61,11,39.2426,157.7714
62,11,39.6216,157.6859
63,11,40.0028,157.6019
64,11,40.3861,157.5192
65,11,40.7714,157.4380
66,11,41.1585,157.3580
67,11,41.5473,157.2793
68,11,41.9377,157.2019
69,11,42.3296,157.1256
70,11,42.7228,157.0504
71,11,43.1172,156.9762
72,11,43.5127,156.9030
73,11,43.9092,156.8307
74,11,44.3065,156.7592
75,11,44.7045,156.6884
76,11,45.1031,156.6182
77,11,45.5022,156.5486
78,11,45.9015,156.4795
79,11,46.3011,156.4107
80,11,46.7008,156.3422
81,11,47.1005,156.2738
82,11,47.4999,156.2055
83,11,47.8991,156.1371
84,11,48.2978,156.0686
85,11,48.6960,155.9997
86,11,49.0936,155.9304
87,11,49.4903,155.8606
88,11,49.8862,155.7901
89,11,50.2810,155.7188
90,11,50.6746,155.6465
91,11,51.0670,155.5732
92,11,51.4579,155.4987
93,11,51.8474,155.4228
94,11,52.2352,155.3454
95,11,52.6212,155.2664
96,11,53.0053,155.1856
97,11,53.3874,155.1029
98,11,53.7674,155.0181
99,11,54.1451,154.9311
100,11,54.5205,154.8417
101,11,54.8934,154.7498
102,11,55.2637,154.6553
103,11,55.6312,154.5579
104,11,55.9959,154.4576
105,11,56.3577,154.3542
106,11,56.7164,154.2475
107,11,57.0719,154.1375
108,11,57.4240,154.0239
109,11,57.7728,153.9067
110,11,58.1180,153.7857
111,11,58.4596,153.6608
112,11,58.7974,153.5318
113,11,59.1313,153.3987
114,11,59.4613,153.2614
115,11,59.7871,153.1197
116,11,60.1087,152.9735
117,11,60.4261,152.8227
118,11,60.7390,152.6674
119,11,61.0473,152.5073
120,11,61.3511,152.3425
121,11,61.6501,152.1728
122,11,61.9442,151.9983
123,11,62.2334,151.8189
124,11,62.5176,151.6346
125,11,62.7966,151.4454
126,11,63.0704,151.2513
127,11,63.3388,151.0524
128,11,63.6018,150.8486
129,11,63.8593,150.6401
130,11,64.1112,150.4268
131,11,64.3574,150.2090
132,11,64.5978,149.9867
133,11,64.8323,149.7600
134,11,65.0610,149.5291
135,11,65.2836,149.2941
136,11,65.5001,149.0553
137,11,65.7105,148.8128
138,11,65.9146,148.5669
139,11,66.1125,148.3178
140,11,66.3040,148.0657
141,11,66.4892,147.8110
142,11,66.6679,147.5539
143,11,66.8401,147.2948
144,11,67.0058,147.0340
145,11,67.1649,146.7719
146,11,67.3174,146.5087
147,11,67.4633,146.2450
148,11,67.6025,145.9812
149,11,67.7350,145.7175
150,11,67.8609,145.4545
151,11,67.9800,145.1927
152,11,68.0924,144.9323
153,11,68.1981,144.6740
154,11,68.2971,144.4182
155,11,68.3893,144.1653
156,11,68.4749,143.9158
157,11,68.5538,143.6702
158,11,68.6260,143.4289
159,11,68.6916,143.1925
160,11,68.7505,142.9614
161,11,68.8029,142.7360
162,11,68.8488,142.5168
163,11,68.8881,142.3043
164,11,68.9209,142.0989
165,11,68.9474,141.9010
166,11,68.9674,141.7110
167,11,68.9811,141.5292
168,11,68.9886,141.3562
169,11,68.9898,141.1922
170,11,68.9849,141.0375
171,11,68.9738,140.8925
172,11,68.9568,140.7575
173,11,68.9337,140.6327
174,11,68.9047,140.5184
175,11,68.8699,140.4148
176,11,68.8292,140.3221
177,11,68.7829,140.2406
178,11,68.7309,140.1703
179,11,68.6732,140.1114
180,11,68.6101,140.0639
181,11,68.5415,140.0281
182,11,68.4675,140.0039
183,11,68.3882,139.9914
184,11,68.3036,139.9906
185,11,68.2138,140.0016
186,11,68.1188,140.0242
187,11,68.0188,140.0584
188,11,67.9138,140.1043
189,11,67.8038,140.1616
190,11,67.6889,140.2304
191,11,67.5692,140.3104
192,11,67.4447,140.4016
193,11,67.3154,140.5039
194,11,67.1815,140.6170
195,11,67.0430,140.7408
196,11,66.9000,140.8751
197,11,66.7524,141.0198
198,11,66.6004,141.1745
199,11,66.4440,141.3392
200,11,66.2832,141.5135
201,11,66.1181,141.6973
202,11,65.9487,141.8903
203,11,65.7751,142.0922
204,11,65.5974,142.3028
205,11,65.4155,142.5219
206,11,65.2296,142.7492
207,11,65.0396,142.9845
208,11,64.8456,143.2274
209,11,64.6476,143.4777
210,11,64.4458,143.7351
211,11,64.2400,143.9993
212,11,64.0304,144.2702
213,11,63.8171,144.5473
214,11,63.5999,144.8305
215,11,63.3790,145.1193
216,11,63.1544,145.4137
217,11,62.9262,145.7133
218,11,62.6944,146.0178
219,11,62.4590,146.3269
220,11,62.2200,146.6404
221,11,61.9775,146.9580
222,11,61.7316,147.2794
223,11,61.4822,147.6045
224,11,61.2294,147.9328
225,11,60.9732,148.2642
226,11,60.7138,148.5983
227,11,60.4510,148.9350
228,11,60.1849,149.2740
229,11,59.9157,149.6151
230,11,59.6432,149.9579
231,11,59.3676,150.3022
232,11,59.0889,150.6479
233,11,58.8071,150.9946
234,11,58.5223,151.3422
235,11,58.2345,151.6903
236,11,57.9437,152.0389
237,11,57.6500,152.3876
238,11,57.3535,152.7362
239,11,57.0541,153.0846
240,11,56.7519,153.4325
241,11,56.4470,153.7797
242,11,56.1394,154.1260
243,11,55.8291,154.4712
244,11,55.5162,154.8151
245,11,55.2008,155.1575
246,11,54.8828,155.4983
247,11,54.5624,155.8372
248,11,54.2396,156.1741
249,11,53.9145,156.5088
250,11,53.5871,156.8411
251,11,53.2574,157.1709
252,11,52.9255,157.4979
253,11,52.5915,157.8221
254,11,52.2555,158.1433
255,11,51.9175,158.4613
256,11,51.5775,158.7761
257,11,51.2357,159.0873
258,11,50.8920,159.3950
259,11,50.5467,159.6990
260,11,50.1997,159.9992
261,11,49.8511,160.2953
262,11,49.5009,160.5874
263,11,49.1494,160.8754
264,11,48.7965,161.1590
265,11,48.4423,161.4382
266,11,48.0869,161.7129
267,11,47.7304,161.9830
268,11,47.3729,162.2484
269,11,47.0145,162.5091
270,11,46.6552,162.7649
271,11,46.2951,163.0157
272,11,45.9344,163.2616
273,11,45.5731,163.5023
274,11,45.2113,163.7380
275,11,44.8491,163.9684
276,11,44.4867,164.1936
277,11,44.1240,164.4135
278,11,43.7613,164.6281
279,11,43.3987,164.8372
280,11,43.0361,165.0410
281,11,42.6738,165.2392
282,11,42.3118,165.4320
283,11,41.9503,165.6193
284,11,41.5893,165.8010
285,11,41.2291,165.9772
286,11,40.8696,166.1478
287,11,40.5110,166.3128
288,11,40.1534,166.4722
289,11,39.7970,166.6261
290,11,39.4418,166.7743
291,11,39.0880,166.9170
292,11,38.7357,167.0541
293,11,38.3850,167.1857
294,11,38.0360,167.3117
295,11,37.6889,167.4321
296,11,37.3438,167.5471
297,11,37.0007,167.6566
298,11,36.6599,167.7606
299,11,36.3214,167.8592
300,11,35.9854,167.9524
301,11,35.6520,168.0402
302,11,35.3213,168.1227
303,11,34.9935,168.2000
304,11,34.6686,168.2720
305,11,34.3468,168.3387
306,11,34.0282,168.4004
307,11,33.7130,168.4569
308,11,33.4012,168.5084
309,11,33.0930,168.5549
310,11,32.7885,168.5965
311,11,32.4879,168.6331
312,11,32.1912,168.6650
313,11,31.8986,168.6920
314,11,31.6101,168.7144
315,11,31.3260,168.7321
316,11,31.0463,168.7452
317,11,30.7711,168.7538
318,11,30.5006,168.7579
319,11,30.2349,168.7577
320,11,29.9740,168.7531
321,11,29.7182,168.7442
322,11,29.4675,168.7312
323,11,29.2219,168.7140
324,11,28.9817,168.6928
325,11,28.7470,168.6676
326,11,28.5177,168.6385
327,11,28.2941,168.6055
328,11,28.0763,168.5688
329,11,27.8642,168.5284
330,11,27.6581,168.4843
331,11,27.4580,168.4367
332,11,27.2640,168.3856
333,11,27.0762,168.3310
334,11,26.8947,168.2731
335,11,26.7196,168.2120
336,11,26.5509,168.1476
337,11,26.3887,168.0801
338,11,26.2331,168.0095
339,11,26.0842,167.9359
340,11,25.9421,167.8594
341,11,25.8067,167.7801
342,11,25.6782,167.6980
343,11,25.5567,167.6131
344,11,25.4422,167.5256
345,11,25.3347,167.4356
346,11,25.2343,167.3430
347,11,25.1411,167.2480
348,11,25.0550,167.1507
349,11,24.9762,167.0510
350,11,24.9047,166.9491
351,11,24.8405,166.8450
352,11,24.7837,166.7389
353,11,24.7343,166.6307
354,11,24.6922,166.5206
355,11,24.6576,166.4086
356,11,24.6304,166.2948
357,11,24.6107,166.1793
358,11,24.5985,166.0620
359,11,24.5938,165.9432
360,11,24.5966,165.8228
361,11,24.6069,165.7009
362,11,24.6247,165.5777
363,11,24.6500,165.4531
364,11,24.6829,165.3272
365,11,24.7232,165.2001
1,12,26.2281,180.2748
2,12,26.3077,180.1605
3,12,26.3948,180.0469
4,12,26.4892,179.9342
5,12,26.5911,179.8224
6,12,26.7003,179.7117
7,12,26.8168,179.6020
8,12,26.9405,179.4935
9,12,27.0715,179.3863
10,12,27.2096,179.2803
11,12,27.3547,179.1757
12,12,27.5069,179.0725
13,12,27.6661,178.9708
14,12,27.8322,178.8707
15,12,28.0050,178.7722
16,12,28.1847,178.6754
17,12,28.3710,178.5804
18,12,28.5640,178.4873
19,12,28.7635,178.3960
20,12,28.9695,178.3068
21,12,29.1818,178.2196
22,12,29.4004,178.1345
23,12,29.6252,178.0517
24,12,29.8562,177.9710
25,12,30.0931,177.8927
26,12,30.3360,177.8168
27,12,30.5848,177.7434
28,12,30.8392,177.6724
29,12,31.0994,177.6041
30,12,31.3650,177.5384
31,12,31.6361,177.4754
32,12,31.9126,177.4151
33,12,32.1942,177.3577
34,12,32.4810,177.3032
35,12,32.7728,177.2517
36,12,33.0696,177.2031
37,12,33.3711,177.1576
38,12,33.6773,177.1152
39,12,33.9881,177.0760
40,12,34.3033,177.0400
41,12,34.6229,177.0073
42,12,34.9468,176.9779
43,12,35.2747,176.9518
44,12,35.6067,176.9291
45,12,35.9425,176.9099
46,12,36.2821,176.8942
47,12,36.6253,176.8819
48,12,36.9721,176.8732
49,12,37.3223,176.8681
50,12,37.6757,176.8666
51,12,38.0323,176.8687
52,12,38.3920,176.8745
53,12,38.7546,176.8839
54,12,39.1200,176.8971
55,12,39.4880,176.9139
56,12,39.8587,176.9345
57,12,40.2317,176.9587
58,12,40.6071,176.9868
59,12,40.9847,177.0185
60,12,41.3644,177.0540
61,12,41.7460,177.0932
62,12,42.1294,177.1362
63,12,42.5146,177.1828
64,12,42.9014,177.2331
65,12,43.2896,177.2872
66,12,43.6792,177.3448
67,12,44.0701,177.4061
68,12,44.4620,177.4710
69,12,44.8550,177.5394
70,12,45.2489,177.6114
71,12,45.6436,177.6869
72,12,46.0389,177.7658
73,12,46.4347,177.8481
74,12,46.8310,177.9337
75,12,47.2277,178.0226
76,12,47.6245,178.1148
77,12,48.0214,178.2101
78,12,48.4183,178.3085
79,12,48.8152,178.4099
80,12,49.2117,178.5143
81,12,49.6080,178.6215
82,12,50.0038,178.7315
83,12,50.3991,178.8442
84,12,50.7937,178.9595
85,12,51.1876,179.0772
86,12,51.5806,179.1974
87,12,51.9727,179.3199
88,12,52.3637,179.4446
89,12,52.7535,179.5714
90,12,53.1421,179.7001
91,12,53.5294,179.8307
92,12,53.9152,179.9630
93,12,54.2995,180.0968
94,12,54.6821,180.2322
95,12,55.0630,180.3689
96,12,55.4421,180.5067
97,12,55.8193,180.6456
98,12,56.1944,180.7854
99,12,56.5675,180.9260
100,12,56.9384,181.0671
101,12,57.3070,181.2087
102,12,57.6733,181.3506
103,12,58.0371,181.4926
104,12,58.3983,181.6345
105,12,58.7570,181.7762
106,12,59.1130,181.9175
107,12,59.4661,182.0582
108,12,59.8164,182.1982
109,12,60.1638,182.3372
110,12,60.5081,182.4752
111,12,60.8492,182.6118
112,12,61.1872,182.7469
113,12,61.5219,182.8803
114,12,61.8533,183.0118
115,12,62.1812,183.1413
116,12,62.5056,183.2684
117,12,62.8263,183.3931
118,12,63.1434,183.5151
119,12,63.4568,183.6342
120,12,63.7663,183.7502
121,12,64.0719,183.8629
122,12,64.3735,183.9720
123,12,64.6710,184.0775
124,12,64.9644,184.1790
125,12,65.2535,184.2765
126,12,65.5384,184.3695
127,12,65.8189,184.4581
128,12,66.0949,184.5419
129,12,66.3664,184.6208
130,12,66.6332,184.6945
131,12,66.8954,184.7630
132,12,67.1528,184.8259
133,12,67.4054,184.8832
134,12,67.6531,184.9346
135,12,67.8957,184.9799
136,12,68.1333,185.0191
137,12,68.3658,185.0518
138,12,68.5930,185.0781
139,12,68.8150,185.0978
140,12,69.0315,185.1107
141,12,69.2427,185.1167
142,12,69.4483,185.1157
143,12,69.6483,185.1077
144,12,69.8427,185.0925
145,12,70.0314,185.0701
146,12,70.2142,185.0404
147,12,70.3912,185.0034
148,12,70.5622,184.9592
149,12,70.7272,184.9076
150,12,70.8861,184.8488
151,12,71.0389,184.7827
152,12,71.1855,184.7096
153,12,71.3258,184.6293
154,12,71.4597,184.5421
155,12,71.5873,184.4481
156,12,71.7084,184.3475
157,12,71.8230,184.2403
158,12,71.9311,184.1269
159,12,72.0325,184.0075
160,12,72.1272,183.8822
161,12,72.2153,183.7514
162,12,72.2966,183.6154
163,12,72.3711,183.4745
164,12,72.4387,183.3290
165,12,72.4995,183.1793
166,12,72.5534,183.0257
167,12,72.6003,182.8686
168,12,72.6403,182.7085
169,12,72.6733,182.5457
170,12,72.6993,182.3808
171,12,72.7183,182.2140
172,12,72.7303,182.0459
173,12,72.7352,181.8770
174,12,72.7331,181.7076
175,12,72.7240,181.5383
176,12,72.7079,181.3694
177,12,72.6847,181.2015
178,12,72.6545,181.0350
179,12,72.6173,180.8704
180,12,72.5732,180.7080
181,12,72.5221,180.5484
182,12,72.4641,180.3918
183,12,72.3991,180.2388
184,12,72.3274,180.0896
185,12,72.2488,179.9447
186,12,72.1634,179.8044
187,12,72.0713,179.6690
188,12,71.9724,179.5389
189,12,71.8670,179.4142
190,12,71.7549,179.2954
191,12,71.6363,179.1825
192,12,71.5112,179.0759
193,12,71.3797,178.9756
194,12,71.2419,178.8820
195,12,71.0977,178.7951
196,12,70.9473,178.7151
197,12,70.7907,178.6421
198,12,70.6280,178.5761
199,12,70.4593,178.5172
200,12,70.2846,178.4655
201,12,70.1040,178.4210
202,12,69.9176,178.3836
203,12,69.7254,178.3534
204,12,69.5276,178.3304
205,12,69.3241,178.3144
206,12,69.1151,178.3054
207,12,68.9007,178.3034
208,12,68.6809,178.3083
209,12,68.4558,178.3199
210,12,68.2255,178.3381
211,12,67.9901,178.3629
212,12,67.7495,178.3940
213,12,67.5040,178.4313
214,12,67.2536,178.4747
215,12,66.9983,178.5241
216,12,66.7383,178.5791
217,12,66.4737,178.6398
218,12,66.2044,178.7058
219,12,65.9306,178.7771
220,12,65.6523,178.8533
221,12,65.3697,178.9344
222,12,65.0829,179.0202
223,12,64.7918,179.1103
224,12,64.4966,179.2047
225,12,64.1973,179.3032
226,12,63.8941,179.4054
227,12,63.5870,179.5113
228,12,63.2761,179.6207
229,12,62.9614,179.7332
230,12,62.6431,179.8488
231,12,62.3213,179.9672
232,12,61.9959,180.0882
233,12,61.6671,180.2117
234,12,61.3350,180.3374
235,12,60.9996,180.4650
236,12,60.6611,180.5946
237,12,60.3195,180.7257
238,12,59.9749,180.8583
239,12,59.6273,180.9922
240,12,59.2769,181.1271
241,12,58.9237,181.2629
242,12,58.5679,181.3994
243,12,58.2094,181.5365
244,12,57.8485,181.6739
245,12,57.4851,181.8114
246,12,57.1193,181.9490
247,12,56.7514,182.0864
248,12,56.3812,182.2235
249,12,56.0090,182.3601
250,12,55.6347,182.4960
251,12,55.2586,182.6312
252,12,54.8806,182.7654
253,12,54.5009,182.8985
254,12,54.1196,183.0304
255,12,53.7367,183.1609
256,12,53.3524,183.2899
257,12,52.9667,183.4173
258,12,52.5797,183.5429
259,12,52.1916,183.6666
260,12,51.8024,183.7884
261,12,51.4122,183.9080
262,12,51.0211,184.0253
263,12,50.6293,184.1403
264,12,50.2368,184.2529
265,12,49.8437,184.3629
266,12,49.4501,184.4703
267,12,49.0561,184.5749
268,12,48.6619,184.6767
269,12,48.2675,184.7756
270,12,47.8730,184.8716
271,12,47.4786,184.9644
272,12,47.0843,185.0542
273,12,46.6903,185.1407
274,12,46.2967,185.2240
275,12,45.9035,185.3039
276,12,45.5109,185.3805
277,12,45.1190,185.4536
278,12,44.7279,185.5233
279,12,44.3377,185.5894
280,12,43.9486,185.6520
281,12,43.5606,185.7109
282,12,43.1739,185.7663
283,12,42.7885,185.8180
284,12,42.4047,185.8660
285,12,42.0224,185.9103
286,12,41.6419,185.9509
287,12,41.2632,185.9877
288,12,40.8864,186.0208
289,12,40.5118,186.0502
290,12,40.1393,186.0758
291,12,39.7691,186.0977
292,12,39.4014,186.1158
293,12,39.0362,186.1302
294,12,38.6736,186.1408
295,12,38.3139,186.1478
296,12,37.9570,186.1510
297,12,37.6032,186.1506
298,12,37.2525,186.1465
299,12,36.9051,186.1388
300,12,36.5610,186.1275
301,12,36.2204,186.1126
302,12,35.8835,186.0942
303,12,35.5502,186.0723
304,12,35.2208,186.0470
305,12,34.8954,186.0182
306,12,34.5740,185.9861
307,12,34.2568,185.9506
308,12,33.9439,185.9119
309,12,33.6354,185.8699
310,12,33.3314,185.8247
311,12,33.0320,185.7765
312,12,32.7374,185.7252
313,12,32.4477,185.6708
314,12,32.1629,185.6136
315,12,31.8832,185.5534
316,12,31.6086,185.4904
317,12,31.3393,185.4247
318,12,31.0754,185.3562
319,12,30.8170,185.2851
320,12,30.5641,185.2115
321,12,30.3169,185.1354
322,12,30.0755,185.0568
323,12,29.8400,184.9758
324,12,29.6104,184.8926
325,12,29.3868,184.8072
326,12,29.1694,184.7196
327,12,28.9583,184.6299
328,12,28.7534,184.5382
329,12,28.5549,184.4446
330,12,28.3629,184.3491
331,12,28.1775,184.2518
332,12,27.9986,184.1528
333,12,27.8265,184.0521
334,12,27.6612,183.9499
335,12,27.5027,183.8462
336,12,27.3511,183.7410
337,12,27.2064,183.6345
338,12,27.0689,183.5267
339,12,26.9384,183.4177
340,12,26.8150,183.3075
341,12,26.6989,183.1963
342,12,26.5900,183.0841
343,12,26.4884,182.9709
344,12,26.3941,182.8569
345,12,26.3072,182.7422
346,12,26.2278,182.6267
347,12,26.1558,182.5106
348,12,26.0912,182.3939
349,12,26.0343,182.2767
350,12,25.9848,182.1590
351,12,25.9429,182.0410
352,12,25.9086,181.9227
353,12,25.8819,181.8042
354,12,25.8628,181.6856
355,12,25.8514,181.5668
356,12,25.8476,181.4481
357,12,25.8514,181.3294
358,12,25.8628,181.2108
359,12,25.8819,181.0924
360,12,25.9086,180.9743
361,12,25.9429,180.8565
362,12,25.9848,180.7391
363,12,26.0343,180.6222
364,12,26.0914,180.5058
365,12,26.1560,180.3900
1,13,24.6706,195.4596
2,13,24.7708,195.3684
3,13,24.8781,195.2797
4,13,24.9925,195.1937
5,13,25.1138,195.1105
6,13,25.2422,195.0300
7,13,25.3775,194.9524
8,13,25.5196,194.8777
9,13,25.6685,194.8060
10,13,25.8241,194.7373
11,13,25.9863,194.6718
12,13,26.1551,194.6095
13,13,26.3304,194.5505
14,13,26.5121,194.4948
15,13,26.7002,194.4424
16,13,26.8945,194.3936
17,13,27.0949,194.3483
18,13,27.3015,194.3066
19,13,27.5140,194.2686
20,13,27.7324,194.2343
21,13,27.9566,194.2038
22,13,28.1865,194.1772
23,13,28.4220,194.1546
24,13,28.6630,194.1359
25,13,28.9093,194.1213
26,13,29.1610,194.1109
27,13,29.4178,194.1046
28,13,29.6797,194.1027
29,13,29.9465,194.1050
30,13,30.2182,194.1118
31,13,30.4946,194.1229
32,13,30.7756,194.1387
33,13,31.0611,194.1589
34,13,31.3510,194.1839
35,13,31.6451,194.2135
36,13,31.9434,194.2478
37,13,32.2457,194.2870
38,13,32.5518,194.3310
39,13,32.8618,194.3799
40,13,33.1754,194.4338
41,13,33.4925,194.4927
42,13,33.8130,194.5567
43,13,34.1368,194.6257
44,13,34.4637,194.6999
45,13,34.7936,194.7793
46,13,35.1265,194.8639
47,13,35.4621,194.9538
48,13,35.8003,195.0490
49,13,36.1411,195.1495
50,13,36.4842,195.2554
51,13,36.8296,195.3666
52,13,37.1771,195.4833
53,13,37.5267,195.6054
54,13,37.8781,195.7330
55,13,38.2313,195.8660
56,13,38.5862,196.0045
57,13,38.9426,196.1486
58,13,39.3003,196.2981
59,13,39.6593,196.4531
60,13,40.0195,196.6136
61,13,40.3808,196.7796
62,13,40.7429,196.9511
63,13,41.1058,197.1281
64,13,41.4694,197.3106
65,13,41.8336,197.4985
66,13,42.1983,197.6918
67,13,42.5633,197.8905
68,13,42.9285,198.0946
69,13,43.2938,198.3040
70,13,43.6592,198.5188
71,13,44.0244,198.7387
72,13,44.3895,198.9639
73,13,44.7542,199.1943
74,13,45.1186,199.4297
75,13,45.4824,199.6702
76,13,45.8457,199.9157
77,13,46.2082,200.1661
78,13,46.5700,200.4213
79,13,46.9309,200.6812
80,13,47.2907,200.9459
81,13,47.6496,201.2152
82,13,48.0072,201.4889
83,13,48.3636,201.7671
84,13,48.7187,202.0495
85,13,49.0724,202.3362
86,13,49.4246,202.6270
87,13,49.7752,202.9218
88,13,50.1242,203.2204
89,13,50.4714,203.5228
90,13,50.8169,203.8288
91,13,51.1605,204.1382
92,13,51.5021,204.4511
93,13,51.8418,204.7671
94,13,52.1794,205.0862
95,13,52.5148,205.4083
96,13,52.8480,205.7331
97,13,53.1790,206.0605
98,13,53.5077,206.3904
99,13,53.8339,206.7225
100,13,54.1578,207.0567
101,13,54.4791,207.3929
102,13,54.7979,207.7309
103,13,55.1141,208.0704
104,13,55.4276,208.4113
105,13,55.7385,208.7534
106,13,56.0466,209.0965
107,13,56.3519,209.4403
108,13,56.6543,209.7848
109,13,56.9539,210.1297
110,13,57.2505,210.4747
111,13,57.5442,210.8197
112,13,57.8348,211.1644
113,13,58.1224,211.5087
114,13,58.4069,211.8522
115,13,58.6882,212.1948
116,13,58.9664,212.5362
117,13,59.2413,212.8761
118,13,59.5130,213.2145
119,13,59.7814,213.5509
120,13,60.0465,213.8852
121,13,60.3082,214.2170
122,13,60.5665,214.5462
123,13,60.8214,214.8726
124,13,61.0728,215.1957
125,13,61.3207,215.5154
126,13,61.5650,215.8314
127,13,61.8058,216.1434
128,13,62.0430,216.4512
129,13,62.2765,216.7545
130,13,62.5064,217.0530
131,13,62.7325,217.3465
132,13,62.9549,217.6347
133,13,63.1736,217.9172
134,13,63.3883,218.1939
135,13,63.5993,218.4645
136,13,63.8063,218.7286
137,13,64.0095,218.9861
138,13,64.2086,219.2366
139,13,64.4038,219.4798
140,13,64.5949,219.7155
141,13,64.7820,219.9435
142,13,64.9649,220.1635
143,13,65.1437,220.3751
144,13,65.3183,220.5783
145,13,65.4886,220.7726
146,13,65.6546,220.9579
147,13,65.8164,221.1339
148,13,65.9737,221.3004
149,13,66.1267,221.4572
150,13,66.2751,221.6041
151,13,66.4191,221.7408
152,13,66.5585,221.8672
153,13,66.6932,221.9831
154,13,66.8234,222.0882
155,13,66.9488,222.1826
156,13,67.0694,222.2659
157,13,67.1852,222.3382
158,13,67.2961,222.3992
159,13,67.4021,222.4489
160,13,67.5031,222.4871
161,13,67.5991,222.5139
162,13,67.6899,222.5292
163,13,67.7756,222.5329
164,13,67.8560,222.5251
165,13,67.9311,222.5057
166,13,68.0009,222.4749
167,13,68.0653,222.4326
168,13,68.1241,222.3789
169,13,68.1774,222.3139
170,13,68.2251,222.2379
171,13,68.2672,222.1508
172,13,68.3035,222.0529
173,13,68.3340,221.9443
174,13,68.3586,221.8254
175,13,68.3773,221.6962
176,13,68.3900,221.5571
177,13,68.3966,221.4084
178,13,68.3972,221.2504
179,13,68.3916,221.0833
180,13,68.3798,220.9075
181,13,68.3617,220.7235
182,13,68.3373,220.5314
183,13,68.3066,220.3318
184,13,68.2694,220.1251
185,13,68.2258,219.9116
186,13,68.1757,219.6918
187,13,68.1191,219.4661
188,13,68.0559,219.2351
189,13,67.9861,218.9990
190,13,67.9098,218.7584
191,13,67.8268,218.5138
192,13,67.7371,218.2656
193,13,67.6408,218.0143
194,13,67.5378,217.7604
195,13,67.4282,217.5042
196,13,67.3119,217.2463
197,13,67.1890,216.9870
198,13,67.0593,216.7269
199,13,66.9231,216.4664
200,13,66.7802,216.2058
201,13,66.6308,215.9456
202,13,66.4748,215.6861
203,13,66.3122,215.4278
204,13,66.1431,215.1710
205,13,65.9676,214.9161
206,13,65.7857,214.6632
207,13,65.5974,214.4129
208,13,65.4028,214.1653
209,13,65.2019,213.9208
210,13,64.9949,213.6795
211,13,64.7817,213.4417
212,13,64.5625,213.2077
213,13,64.3372,212.9776
214,13,64.1061,212.7516
215,13,63.8691,212.5298
216,13,63.6263,212.3124
217,13,63.3778,212.0996
218,13,63.1238,211.8913
219,13,62.8643,211.6878
220,13,62.5993,211.4890
221,13,62.3290,211.2951
222,13,62.0535,211.1060
223,13,61.7728,210.9218
224,13,61.4871,210.7425
225,13,61.1964,210.5680
226,13,60.9009,210.3985
227,13,60.6007,210.2338
228,13,60.2958,210.0738
229,13,59.9864,209.9187
230,13,59.6726,209.7681
231,13,59.3544,209.6222
232,13,59.0321,209.4809
233,13,58.7056,209.3439
234,13,58.3752,209.2113
235,13,58.0408,209.0829
236,13,57.7027,208.9587
237,13,57.3610,208.8384
238,13,57.0156,208.7220
239,13,56.6669,208.6094
240,13,56.3148,208.5004
241,13,55.9595,208.3949
242,13,55.6012,208.2927
243,13,55.2398,208.1937
244,13,54.8756,208.0978
245,13,54.5087,208.0049
246,13,54.1391,207.9147
247,13,53.7670,207.8271
248,13,53.3925,207.7420
249,13,53.0158,207.6592
250,13,52.6368,207.5786
251,13,52.2559,207.5001
252,13,51.8730,207.4234
253,13,51.4883,207.3484
254,13,51.1019,207.2751
255,13,50.7140,207.2032
256,13,50.3246,207.1326
257,13,49.9339,207.0632
258,13,49.5420,206.9948
259,13,49.1490,206.9272
260,13,48.7551,206.8605
261,13,48.3603,206.7943
262,13,47.9647,206.7287
263,13,47.5686,206.6634
264,13,47.1720,206.5984
265,13,46.7751,206.5335
266,13,46.3779,206.4685
267,13,45.9806,206.4035
268,13,45.5833,206.3383
269,13,45.1861,206.2728
270,13,44.7892,206.2068
271,13,44.3927,206.1403
272,13,43.9967,206.0732
273,13,43.6013,206.0053
274,13,43.2067,205.9367
275,13,42.8129,205.8672
276,13,42.4202,205.7967
277,13,42.0285,205.7252
278,13,41.6381,205.6526
279,13,41.2491,205.5788
280,13,40.8615,205.5037
281,13,40.4756,205.4274
282,13,40.0913,205.3497
283,13,39.7090,205.2706
284,13,39.3286,205.1901
285,13,38.9503,205.1080
286,13,38.5743,205.0244
287,13,38.2006,204.9393
288,13,37.8294,204.8525
289,13,37.4607,204.7642
290,13,37.0948,204.6741
291,13,36.7316,204.5824
292,13,36.3715,204.4891
293,13,36.0144,204.3940
294,13,35.6605,204.2972
295,13,35.3098,204.1987
296,13,34.9627,204.0985
297,13,34.6190,203.9966
298,13,34.2790,203.8931
299,13,33.9427,203.7878
300,13,33.6104,203.6808
301,13,33.2820,203.5722
302,13,32.9577,203.4620
303,13,32.6377,203.3502
304,13,32.3220,203.2367
305,13,32.0107,203.1217
306,13,31.7039,203.0052
307,13,31.4019,202.8872
308,13,31.1045,202.7678
309,13,30.8120,202.6470
310,13,30.5245,202.5248
311,13,30.2421,202.4012
312,13,29.9648,202.2764
313,13,29.6928,202.1504
314,13,29.4261,202.0232
315,13,29.1649,201.8949
316,13,28.9093,201.7656
317,13,28.6593,201.6352
318,13,28.4150,201.5039
319,13,28.1766,201.3717
320,13,27.9441,201.2387
321,13,27.7176,201.1050
322,13,27.4971,200.9705
323,13,27.2828,200.8355
324,13,27.0748,200.6998
325,13,26.8731,200.5638
326,13,26.6778,200.4272
327,13,26.4889,200.2904
328,13,26.3066,200.1532
329,13,26.1309,200.0159
330,13,25.9619,199.8784
331,13,25.7996,199.7409
332,13,25.6441,199.6034
333,13,25.4955,199.4660
334,13,25.3538,199.3287
335,13,25.2191,199.1917
336,13,25.0915,199.0550
337,13,24.9708,198.9187
338,13,24.8574,198.7828
339,13,24.7510,198.6474
340,13,24.6519,198.5127
341,13,24.5601,198.3787
342,13,24.4755,198.2454
343,13,24.3983,198.1129
344,13,24.3284,197.9813
345,13,24.2658,197.8507
346,13,24.2107,197.7212
347,13,24.1630,197.5927
348,13,24.1227,197.4655
349,13,24.0898,197.3395
350,13,24.0645,197.2149
351,13,24.0466,197.0916
352,13,24.0362,196.9699
353,13,24.0332,196.8497
354,13,24.0377,196.7311
355,13,24.0498,196.6142
356,13,24.0692,196.4990
357,13,24.0962,196.3857
358,13,24.1305,196.2743
359,13,24.1723,196.1648
360,13,24.2215,196.0574
361,13,24.2781,195.9521
362,13,24.3420,195.8490
363,13,24.4133,195.7481
364,13,24.4918,195.6495
365,13,24.5776,195.5533
1,14,20.3058,209.6295
2,14,20.4206,209.5641
3,14,20.5419,209.5027
4,14,20.6697,209.4453
5,14,20.8038,209.3921
6,14,20.9443,209.3431
7,14,21.0911,209.2983
8,14,21.2440,209.2579
9,14,21.4030,209.2218
10,14,21.5681,209.1902
11,14,21.7391,209.1631
12,14,21.9159,209.1406
13,14,22.0985,209.1227
14,14,22.2868,209.1094
15,14,22.4806,209.1009
16,14,22.6799,209.0972
17,14,22.8846,209.0984
18,14,23.0946,209.1044
19,14,23.3098,209.1155
20,14,23.5300,209.1315
21,14,23.7552,209.1526
22,14,23.9853,209.1788
23,14,24.2201,209.2102
24,14,24.4595,209.2469
25,14,24.7035,209.2888
26,14,24.9518,209.3360
27,14,25.2045,209.3886
28,14,25.4613,209.4467
29,14,25.7221,209.5102
30,14,25.9869,209.5792
31,14,26.2554,209.6537
32,14,26.5276,209.7339
33,14,26.8034,209.8197
34,14,27.0826,209.9112
35,14,27.3651,210.0084
36,14,27.6507,210.1113
37,14,27.9394,210.2200
38,14,28.2310,210.3346
39,14,28.5253,210.4550
40,14,28.8224,210.5812
41,14,29.1219,210.7134
42,14,29.4238,210.8514
43,14,29.7280,210.9954
44,14,30.0343,211.1454
45,14,30.3427,211.3013
46,14,30.6529,211.4632
47,14,30.9648,211.6311
48,14,31.2784,211.8050
49,14,31.5935,211.9849
50,14,31.9099,212.1708
51,14,32.2276,212.3627
52,14,32.5464,212.5605
53,14,32.8662,212.7644
54,14,33.1869,212.9742
55,14,33.5084,213.1899
56,14,33.8304,213.4116
57,14,34.1531,213.6391
58,14,34.4761,213.8726
59,14,34.7994,214.1118
60,14,35.1229,214.3569
61,14,35.4465,214.6077
62,14,35.7701,214.8642
63,14,36.0935,215.1264
64,14,36.4167,215.3941
65,14,36.7395,215.6675
66,14,37.0619,215.9463
67,14,37.3838,216.2305
68,14,37.7050,216.5200
69,14,38.0255,216.8148
70,14,38.3452,217.1148
71,14,38.6640,217.4199
72,14,38.9818,217.7300
73,14,39.2985,218.0450
74,14,39.6140,218.3648
75,14,39.9284,218.6893
76,14,40.2414,219.0184
77,14,40.5530,219.3520
78,14,40.8632,219.6900
79,14,41.1719,220.0323
80,14,41.4790,220.3786
81,14,41.7845,220.7289
82,14,42.0882,221.0831
83,14,42.3902,221.4411
84,14,42.6904,221.8026
85,14,42.9887,222.1675
86,14,43.2851,222.5357
87,14,43.5795,222.9070
88,14,43.8719,223.2814
89,14,44.1623,223.6585
90,14,44.4505,224.0382
91,14,44.7367,224.4205
92,14,45.0206,224.8050
93,14,45.3024,225.1917
94,14,45.5819,225.5803
95,14,45.8591,225.9708
96,14,46.1341,226.3627
97,14,46.4067,226.7561
98,14,46.6770,227.1508
99,14,46.9450,227.5464
100,14,47.2105,227.9428
101,14,47.4736,228.3399
102,14,47.7343,228.7375
103,14,47.9926,229.1352
104,14,48.2483,229.5330
105,14,48.5016,229.9306
106,14,48.7524,230.3279
107,14,49.0008,230.7245
108,14,49.2465,231.1204
109,14,49.4898,231.5153
110,14,49.7305,231.9089
111,14,49.9687,232.3011
112,14,50.2043,232.6917
113,14,50.4374,233.0805
114,14,50.6679,233.4671
115,14,50.8957,233.8515
116,14,51.1210,234.2334
117,14,51.3437,234.6126
118,14,51.5638,234.9888
119,14,51.7813,235.3619
120,14,51.9961,235.7317
121,14,52.2084,236.0979
122,14,52.4179,236.4602
123,14,52.6248,236.8186
124,14,52.8291,237.1727
125,14,53.0307,237.5224
126,14,53.2296,237.8675
127,14,53.4258,238.2077
128,14,53.6193,238.5428
129,14,53.8100,238.8726
130,14,53.9981,239.1969
131,14,54.1834,239.5155
132,14,54.3659,239.8281
133,14,54.5457,240.1347
134,14,54.7226,240.4349
135,14,54.8968,240.7286
136,14,55.0681,241.0156
137,14,55.2365,241.2956
138,14,55.4021,241.5685
139,14,55.5648,241.8341
140,14,55.7245,242.0922
141,14,55.8813,242.3426
142,14,56.0351,242.5852
143,14,56.1859,242.8197
144,14,56.3337,243.0459
145,14,56.4784,243.2638
146,14,56.6200,243.4730
147,14,56.7584,243.6736
148,14,56.8937,243.8653
149,14,57.0258,244.0479
150,14,57.1546,244.2214
151,14,57.2802,244.3855
152,14,57.4024,244.5401
153,14,57.5212,244.6852
154,14,57.6366,244.8206
155,14,57.7486,244.9461
156,14,57.8570,245.0617
157,14,57.9618,245.1673
158,14,58.0631,245.2628
159,14,58.1607,245.3481
160,14,58.2545,245.4231
161,14,58.3446,245.4878
162,14,58.4308,245.5421
163,14,58.5131,245.5860
164,14,58.5914,245.6195
165,14,58.6658,245.6424
166,14,58.7360,245.6549
167,14,58.8021,245.6569
168,14,58.8639,245.6484
169,14,58.9215,245.6295
170,14,58.9747,245.6001
171,14,59.0235,245.5604
172,14,59.0678,245.5104
173,14,59.1076,245.4502
174,14,59.1427,245.3799
175,14,59.1730,245.2995
176,14,59.1986,245.2092
177,14,59.2194,245.1091
178,14,59.2352,244.9994
179,14,59.2460,244.8801
180,14,59.2518,244.7516
181,14,59.2524,244.6139
182,14,59.2478,244.4672
183,14,59.2380,244.3118
184,14,59.2227,244.1478
185,14,59.2021,243.9755
186,14,59.1760,243.7952
187,14,59.1443,243.6070
188,14,59.1070,243.4112
189,14,59.0640,243.2082
190,14,59.0154,242.9982
191,14,58.9609,242.7814
192,14,58.9006,242.5582
193,14,58.8344,242.3288
194,14,58.7623,242.0936
195,14,58.6842,241.8529
196,14,58.6001,241.6070
197,14,58.5099,241.3563
198,14,58.4137,241.1010
199,14,58.3113,240.8414
200,14,58.2028,240.5780
201,14,58.0881,240.3109
202,14,57.9672,240.0407
203,14,57.8402,239.7675
204,14,57.7069,239.4917
205,14,57.5675,239.2136
206,14,57.4218,238.9335
207,14,57.2699,238.6518
208,14,57.1119,238.3687
209,14,56.9476,238.0846
210,14,56.7772,237.7997
211,14,56.6007,237.5143
212,14,56.4181,237.2286
213,14,56.2293,236.9431
214,14,56.0346,236.6578
215,14,55.8339,236.3731
216,14,55.6272,236.0891
217,14,55.4146,235.8062
218,14,55.1961,235.5244
219,14,54.9719,235.2441
220,14,54.7420,234.9654
221,14,54.5064,234.6885
222,14,54.2652,234.4135
223,14,54.0185,234.1406
224,14,53.7664,233.8699
225,14,53.5090,233.6016
226,14,53.2463,233.3358
227,14,52.9784,233.0726
228,14,52.7054,232.8121
229,14,52.4275,232.5544
230,14,52.1446,232.2994
231,14,51.8570,232.0474
232,14,51.5647,231.7984
233,14,51.2678,231.5523
234,14,50.9664,231.3093
235,14,50.6607,231.0692
236,14,50.3508,230.8323
237,14,50.0367,230.5984
238,14,49.7186,230.3675
239,14,49.3966,230.1397
240,14,49.0709,229.9149
241,14,48.7415,229.6931
242,14,48.4085,229.4742
243,14,48.0722,229.2582
244,14,47.7326,229.0451
245,14,47.3899,228.8348
246,14,47.0441,228.6272
247,14,46.6955,228.4222
248,14,46.3441,228.2199
249,14,45.9901,228.0202
250,14,45.6335,227.8228
251,14,45.2747,227.6279
252,14,44.9136,227.4352
253,14,44.5504,227.2448
254,14,44.1853,227.0564
255,14,43.8184,226.8701
256,14,43.4498,226.6858
257,14,43.0796,226.5032
258,14,42.7081,226.3225
259,14,42.3353,226.1434
260,14,41.9614,225.9658
261,14,41.5864,225.7897
262,14,41.2107,225.6150
263,14,40.8342,225.4416
264,14,40.4572,225.2693
265,14,40.0797,225.0982
266,14,39.7019,224.9280
267,14,39.3240,224.7588
268,14,38.9460,224.5904
269,14,38.5682,224.4227
270,14,38.1906,224.2557
271,14,37.8135,224.0893
272,14,37.4368,223.9234
273,14,37.0609,223.7578
274,14,36.6857,223.5927
275,14,36.3115,223.4277
276,14,35.9384,223.2630
277,14,35.5665,223.0985
278,14,35.1959,222.9340
279,14,34.8268,222.7695
280,14,34.4593,222.6049
281,14,34.0936,222.4403
282,14,33.7298,222.2755
283,14,33.3680,222.1105
284,14,33.0083,221.9452
285,14,32.6509,221.7797
286,14,32.2959,221.6139
287,14,31.9434,221.4477
288,14,31.5936,221.2812
289,14,31.2466,221.1142
290,14,30.9025,220.9468
291,14,30.5614,220.7790
292,14,30.2235,220.6107
293,14,29.8888,220.4419
294,14,29.5576,220.2727
295,14,29.2298,220.1030
296,14,28.9057,219.9328
297,14,28.5854,219.7622
298,14,28.2689,219.5910
299,14,27.9564,219.4195
300,14,27.6479,219.2475
301,14,27.3437,219.0750
302,14,27.0438,218.9022
303,14,26.7483,218.7290
304,14,26.4574,218.5555
305,14,26.1711,218.3816
306,14,25.8895,218.2074
307,14,25.6127,218.0331
308,14,25.3409,217.8585
309,14,25.0741,217.6837
310,14,24.8125,217.5089
311,14,24.5560,217.3339
312,14,24.3049,217.1590
313,14,24.0592,216.9841
314,14,23.8190,216.8093
315,14,23.5843,216.6346
316,14,23.3553,216.4601
317,14,23.1321,216.2860
318,14,22.9147,216.1121
319,14,22.7032,215.9387
320,14,22.4977,215.7657
321,14,22.2982,215.5933
322,14,22.1049,215.4215
323,14,21.9178,215.2504
324,14,21.7369,215.0800
325,14,21.5623,214.9104
326,14,21.3942,214.7418
327,14,21.2325,214.5741
328,14,21.0773,214.4075
329,14,20.9287,214.2420
330,14,20.7867,214.0778
331,14,20.6513,213.9148
332,14,20.5227,213.7532
333,14,20.4008,213.5930
334,14,20.2858,213.4344
335,14,20.1776,213.2774
336,14,20.0762,213.1220
337,14,19.9818,212.9685
338,14,19.8944,212.8167
339,14,19.8139,212.6669
340,14,19.7404,212.5192
341,14,19.6739,212.3735
342,14,19.6145,212.2299
343,14,19.5622,212.0886
344,14,19.5170,211.9496
345,14,19.4788,211.8131
346,14,19.4478,211.6789
347,14,19.4238,211.5474
348,14,19.4070,211.4185
349,14,19.3973,211.2922
350,14,19.3947,211.1688
351,14,19.3992,211.0482
352,14,19.4108,210.9305
353,14,19.4295,210.8158
354,14,19.4552,210.7042
355,14,19.4881,210.5957
356,14,19.5279,210.4905
357,14,19.5747,210.3885
358,14,19.6285,210.2898
359,14,19.6893,210.1946
360,14,19.7570,210.1029
361,14,19.8315,210.0147
362,14,19.9129,209.9302
363,14,20.0010,209.8493
364,14,20.0959,209.7722
365,14,20.1975,209.6989
1,15,13.6284,222.2579
2,15,13.7521,222.2156
3,15,13.8816,222.1783
4,15,14.0168,222.1460
5,15,14.1577,222.1188
6,15,14.3041,222.0968
7,15,14.4560,222.0799
8,15,14.6133,222.0684
9,15,14.7760,222.0620
10,15,14.9438,222.0611
11,15,15.1168,222.0655
12,15,15.2948,222.0753
13,15,15.4778,222.0906
14,15,15.6656,222.1114
15,15,15.8582,222.1378
16,15,16.0554,222.1697
17,15,16.2571,222.2072
18,15,16.4633,222.2504
19,15,16.6738,222.2993
20,15,16.8884,222.3539
21,15,17.1072,222.4142
22,15,17.3300,222.4803
23,15,17.5566,222.5522
24,15,17.7869,222.6299
25,15,18.0209,222.7135
26,15,18.2584,222.8030
27,15,18.4992,222.8983
28,15,18.7434,222.9996
29,15,18.9906,223.1068
30,15,19.2409,223.2199
31,15,19.4941,223.3390
32,15,19.7500,223.4641
33,15,20.0085,223.5951
34,15,20.2696,223.7322
35,15,20.5330,223.8752
36,15,20.7988,224.0242
37,15,21.0666,224.1792
38,15,21.3365,224.3402
39,15,21.6082,224.5071
40,15,21.8817,224.6801
41,15,22.1568,224.8589
42,15,22.4334,225.0438
43,15,22.7114,225.2345
44,15,22.9907,225.4312
45,15,23.2711,225.6338
46,15,23.5526,225.8422
47,15,23.8349,226.0564
48,15,24.1181,226.2765
49,15,24.4019,226.5023
50,15,24.6863,226.7338
51,15,24.9711,226.9709
52,15,25.2562,227.2138
53,15,25.5416,227.4621
54,15,25.8271,227.7160
55,15,26.1126,227.9754
56,15,26.3981,228.2402
57,15,26.6833,228.5103
58,15,26.9683,228.7857
59,15,27.2529,229.0662
60,15,27.5370,229.3519
61,15,27.8206,229.6426
62,15,28.1035,229.9383
63,15,28.3857,230.2388
64,15,28.6671,230.5441
65,15,28.9476,230.8540
66,15,29.2272,231.1686
67,15,29.5057,231.4876
68,15,29.7831,231.8109
69,15,30.0594,232.1385
70,15,30.3344,232.4702
71,15,30.6081,232.8060
72,15,30.8804,233.1456
73,15,31.1513,233.4890
74,15,31.4208,233.8361
75,15,31.6888,234.1866
76,15,31.9552,234.5405
77,15,32.2200,234.8977
78,15,32.4832,235.2579
79,15,32.7446,235.6211
80,15,33.0044,235.9871
81,15,33.2624,236.3557
82,15,33.5187,236.7269
83,15,33.7731,237.1003
84,15,34.0257,237.4760
85,15,34.2765,237.8537
86,15,34.5254,238.2332
87,15,34.7724,238.6145
88,15,35.0175,238.9972
89,15,35.2606,239.3814
90,15,35.5019,239.7668
91,15,35.7412,240.1531
92,15,35.9785,240.5404
93,15,36.2139,240.9283
94,15,36.4474,241.3168
95,15,36.6788,241.7056
96,15,36.9083,242.0946
97,15,37.1359,242.4835
98,15,37.3615,242.8723
99,15,37.5851,243.2607
100,15,37.8067,243.6486
101,15,38.0264,244.0358
102,15,38.2442,244.4221
103,15,38.4600,244.8073
104,15,38.6738,245.1912
105,15,38.8857,245.5738
106,15,39.0957,245.9547
107,15,39.3037,246.3339
108,15,39.5098,246.7112
109,15,39.7140,247.0863
110,15,39.9163,247.4591
111,15,40.1166,247.8294
112,15,40.3151,248.1971
113,15,40.5116,248.5620
114,15,40.7063,248.9240
115,15,40.8990,249.2827
116,15,41.0898,249.6382
117,15,41.2788,249.9901
118,15,41.4658,250.3384
119,15,41.6510,250.6829
120,15,41.8342,251.0234
121,15,42.0156,251.3597
122,15,42.1950,251.6918
123,15,42.3725,252.0194
124,15,42.5481,252.3423
125,15,42.7218,252.6605
126,15,42.8935,252.9738
127,15,43.0633,253.2820
128,15,43.2311,253.5849
129,15,43.3969,253.8825
130,15,43.5608,254.1746
131,15,43.7226,254.4609
132,15,43.8824,254.7415
133,15,44.0402,255.0161
134,15,44.1959,255.2846
135,15,44.3495,255.5469
136,15,44.5010,255.8029
137,15,44.6504,256.0523
138,15,44.7976,256.2951
139,15,44.9425,256.5312
140,15,45.0853,256.7604
141,15,45.2258,256.9826
142,15,45.3640,257.1977
143,15,45.4999,257.4056
144,15,45.6334,257.6061
145,15,45.7645,257.7992
146,15,45.8931,257.9848
147,15,46.0193,258.1627
148,15,46.1429,258.3329
149,15,46.2640,258.4953
150,15,46.3824,258.6497
151,15,46.4982,258.7961
152,15,46.6112,258.9344
153,15,46.7215,259.0646
154,15,46.8290,259.1865
155,15,46.9336,259.3001
156,15,47.0352,259.4054
157,15,47.1339,259.5022
158,15,47.2296,259.5906
159,15,47.3221,259.6705
160,15,47.4115,259.7417
161,15,47.4976,259.8045
162,15,47.5805,259.8585
163,15,47.6601,259.9040
164,15,47.7362,259.9408
165,15,47.8089,259.9689
166,15,47.8780,259.9884
167,15,47.9435,259.9992
168,15,48.0053,260.0013
169,15,48.0634,259.9949
170,15,48.1177,259.9798
171,15,48.1681,259.9562
172,15,48.2146,259.9240
173,15,48.2570,259.8833
174,15,48.2954,259.8343
175,15,48.3295,259.7768
176,15,48.3595,259.7111
177,15,48.3851,259.6372
178,15,48.4064,259.5552
179,15,48.4232,259.4651
180,15,48.4355,259.3671
181,15,48.4432,259.2614
182,15,48.4463,259.1479
183,15,48.4446,259.0268
184,15,48.4381,258.8984
185,15,48.4268,258.7626
186,15,48.4105,258.6197
187,15,48.3892,258.4698
188,15,48.3629,258.3131
189,15,48.3315,258.1497
190,15,48.2949,257.9798
191,15,48.2530,257.8037
192,15,48.2059,257.6214
193,15,48.1534,257.4332
194,15,48.0955,257.2392
195,15,48.0321,257.0397
196,15,47.9633,256.8349
197,15,47.8889,256.6250
198,15,47.8090,256.4101
199,15,47.7234,256.1906
200,15,47.6322,255.9666
201,15,47.5353,255.7383
202,15,47.4327,255.5060
203,15,47.3243,255.2699
204,15,47.2102,255.0302
205,15,47.0903,254.7871
206,15,46.9646,254.5409
207,15,46.8332,254.2917
208,15,46.6959,254.0398
209,15,46.5529,253.7855
210,15,46.4040,253.5288
211,15,46.2494,253.2701
212,15,46.0889,253.0095
213,15,45.9227,252.7473
214,15,45.7508,252.4837
215,15,45.5732,252.2187
216,15,45.3898,251.9528
217,15,45.2008,251.6859
218,15,45.0062,251.4184
219,15,44.8060,251.1503
220,15,44.6003,250.8819
221,15,44.3890,250.6133
222,15,44.1724,250.3447
223,15,43.9504,250.0763
224,15,43.7230,249.8081
225,15,43.4905,249.5402
226,15,43.2527,249.2730
227,15,43.0099,249.0064
228,15,42.7620,248.7405
229,15,42.5092,248.4755
230,15,42.2516,248.2115
231,15,41.9891,247.9486
232,15,41.7220,247.6868
233,15,41.4504,247.4262
234,15,41.1742,247.1670
235,15,40.8936,246.9091
236,15,40.6088,246.6526
237,15,40.3198,246.3976
238,15,40.0268,246.1440
239,15,39.7298,245.8921
240,15,39.4289,245.6416
241,15,39.1244,245.3928
242,15,38.8163,245.1456
243,15,38.5046,244.9000
244,15,38.1897,244.6560
245,15,37.8715,244.4136
246,15,37.5502,244.1729
247,15,37.2259,243.9337
248,15,36.8988,243.6961
249,15,36.5690,243.4601
250,15,36.2367,243.2256
251,15,35.9019,242.9927
252,15,35.5648,242.7612
253,15,35.2255,242.5312
254,15,34.8843,242.3026
255,15,34.5411,242.0753
256,15,34.1963,241.8494
257,15,33.8498,241.6248
258,15,33.5019,241.4013
259,15,33.1526,241.1791
260,15,32.8022,240.9580
261,15,32.4508,240.7380
262,15,32.0985,240.5190
263,15,31.7455,240.3010
264,15,31.3918,240.0839
265,15,31.0378,239.8677
266,15,30.6834,239.6523
267,15,30.3289,239.4376
268,15,29.9744,239.2237
269,15,29.6200,239.0104
270,15,29.2659,238.7977
271,15,28.9123,238.5855
272,15,28.5592,238.3739
273,15,28.2068,238.1627
274,15,27.8553,237.9519
275,15,27.5048,237.7414
276,15,27.1555,237.5313
277,15,26.8074,237.3214
278,15,26.4608,237.1118
279,15,26.1157,236.9024
280,15,25.7723,236.6931
281,15,25.4308,236.4840
282,15,25.0912,236.2750
283,15,24.7538,236.0660
284,15,24.4186,235.8571
285,15,24.0858,235.6482
286,15,23.7556,235.4394
287,15,23.4279,235.2305
288,15,23.1031,235.0216
289,15,22.7811,234.8127
290,15,22.4622,234.6038
291,15,22.1465,234.3948
292,15,21.8340,234.1859
293,15,21.5249,233.9769
294,15,21.2194,233.7678
295,15,20.9175,233.5588
296,15,20.6193,233.3498
297,15,20.3251,233.1408
298,15,20.0348,232.9319
299,15,19.7486,232.7231
300,15,19.4666,232.5143
301,15,19.1890,232.3057
302,15,18.9157,232.0973
303,15,18.6470,231.8891
304,15,18.3829,231.6811
305,15,18.1236,231.4734
306,15,17.8690,231.2661
307,15,17.6194,231.0592
308,15,17.3748,230.8527
309,15,17.1353,230.6467
310,15,16.9009,230.4413
311,15,16.6719,230.2365
312,15,16.4481,230.0324
313,15,16.2299,229.8290
314,15,16.0171,229.6265
315,15,15.8100,229.4248
316,15,15.6084,229.2241
317,15,15.4127,229.0245
318,15,15.2227,228.8259
319,15,15.0386,228.6286
320,15,14.8605,228.4325
321,15,14.6883,228.2377
322,15,14.5222,228.0444
323,15,14.3622,227.8527
324,15,14.2084,227.6625
325,15,14.0608,227.4740
326,15,13.9195,227.2872
327,15,13.7844,227.1024
328,15,13.6558,226.9195
329,15,13.5335,226.7386
330,15,13.4176,226.5598
331,15,13.3083,226.3833
332,15,13.2054,226.2091
333,15,13.1091,226.0372
334,15,13.0193,225.8678
335,15,12.9361,225.7011
336,15,12.8595,225.5369
337,15,12.7895,225.3755
338,15,12.7262,225.2170
339,15,12.6696,225.0614
340,15,12.6196,224.9087
341,15,12.5763,224.7592
342,15,12.5396,224.6129
343,15,12.5097,224.4698
344,15,12.4864,224.3300
345,15,12.4699,224.1937
346,15,12.4600,224.0610
347,15,12.4567,223.9318
348,15,12.4601,223.8062
349,15,12.4702,223.6845
350,15,12.4869,223.5665
351,15,12.5101,223.4525
352,15,12.5400,223.3424
353,15,12.5764,223.2364
354,15,12.6193,223.1345
355,15,12.6688,223.0368
356,15,12.7246,222.9434
357,15,12.7869,222.8543
358,15,12.8556,222.7696
359,15,12.9306,222.6894
360,15,13.0119,222.6137
361,15,13.0994,222.5425
362,15,13.1931,222.4761
363,15,13.2929,222.4143
364,15,13.3987,222.3574
365,15,13.5106,222.3052
1,16,5.2081,233.3421
2,16,5.3364,233.3182
3,16,5.4698,233.2998
4,16,5.6082,233.2872
5,16,5.7515,233.2803
6,16,5.8997,233.2791
7,16,6.0526,233.2837
8,16,6.2102,233.2941
9,16,6.3723,233.3104
10,16,6.5390,233.3326
11,16,6.7100,233.3606
12,16,6.8853,233.3946
13,16,7.0647,233.4345
14,16,7.2483,233.4804
15,16,7.4358,233.5322
16,16,7.6272,233.5901
17,16,7.8224,233.6539
18,16,8.0212,233.7238
19,16,8.2235,233.7996
20,16,8.4293,233.8815
21,16,8.6384,233.9695
22,16,8.8508,234.0634
23,16,9.0662,234.1634
24,16,9.2846,234.2694
25,16,9.5058,234.3815
26,16,9.7298,234.4996
27,16,9.9564,234.6237
28,16,10.1856,234.7538
29,16,10.4171,234.8899
30,16,10.6509,235.0319
31,16,10.8869,235.1800
32,16,11.1249,235.3339
33,16,11.3648,235.4938
34,16,11.6065,235.6596
35,16,11.8499,235.8312
36,16,12.0949,236.0087
37,16,12.3413,236.1919
38,16,12.5891,236.3810
39,16,12.8381,236.5757
40,16,13.0882,236.7762
41,16,13.3392,236.9823
42,16,13.5912,237.1940
43,16,13.8440,237.4112
44,16,14.0974,237.6340
45,16,14.3514,237.8622
46,16,14.6058,238.0957
47,16,14.8607,238.3346
48,16,15.1157,238.5788
49,16,15.3709,238.8281
50,16,15.6262,239.0826
51,16,15.8815,239.3422
52,16,16.1366,239.6067
53,16,16.3916,239.8761
54,16,16.6462,240.1503
55,16,16.9005,240.4292
56,16,17.1543,240.7128
57,16,17.4075,241.0009
58,16,17.6602,241.2935
59,16,17.9122,241.5905
60,16,18.1634,241.8917
61,16,18.4138,242.1970
62,16,18.6633,242.5064
63,16,18.9119,242.8198
64,16,19.1594,243.1369
65,16,19.4059,243.4578
66,16,19.6513,243.7823
67,16,19.8956,244.1103
68,16,20.1386,244.4416
69,16,20.3804,244.7761
70,16,20.6210,245.1137
71,16,20.8602,245.4544
72,16,21.0980,245.7978
73,16,21.3345,246.1440
74,16,21.5695,246.4927
75,16,21.8032,246.8438
76,16,22.0353,247.1973
77,16,22.2660,247.5529
78,16,22.4952,247.9105
79,16,22.7229,248.2700
80,16,22.9490,248.6312
81,16,23.1737,248.9939
82,16,23.3967,249.3581
83,16,23.6183,249.7236
84,16,23.8383,250.0901
85,16,24.0567,250.4577
86,16,24.2736,250.8260
87,16,24.4889,251.1951
88,16,24.7027,251.5646
89,16,24.9150,251.9345
90,16,25.1257,252.3046
91,16,25.3349,252.6748
92,16,25.5425,253.0448
93,16,25.7487,253.4146
94,16,25.9533,253.7840
95,16,26.1564,254.1528
96,16,26.3581,254.5209
97,16,26.5583,254.8881
98,16,26.7570,255.2543
99,16,26.9543,255.6193
100,16,27.1501,255.9830
101,16,27.3445,256.3452
102,16,27.5375,256.7057
103,16,27.7291,257.0645
104,16,27.9193,257.4214
105,16,28.1081,257.7762
106,16,28.2956,258.1287
107,16,28.4817,258.4789
108,16,28.6664,258.8266
109,16,28.8497,259.1716
110,16,29.0317,259.5138
111,16,29.2124,259.8531
112,16,29.3918,260.1893
113,16,29.5698,260.5223
114,16,29.7464,260.8520
115,16,29.9218,261.1781
116,16,30.0957,261.5007
117,16,30.2684,261.8195
118,16,30.4397,262.1344
119,16,30.6097,262.4453
120,16,30.7782,262.7521
121,16,30.9455,263.0546
122,16,31.1113,263.3528
123,16,31.2757,263.6464
124,16,31.4388,263.9355
125,16,31.6004,264.2197
126,16,31.7605,264.4992
127,16,31.9192,264.7737
128,16,32.0764,265.0431
129,16,32.2321,265.3073
130,16,32.3863,265.5662
131,16,32.5388,265.8197
132,16,32.6898,266.0677
133,16,32.8392,266.3101
134,16,32.9869,266.5468
135,16,33.1329,266.7777
136,16,33.2771,267.0027
137,16,33.4196,267.2217
138,16,33.5603,267.4346
139,16,33.6992,267.6413
140,16,33.8361,267.8418
141,16,33.9712,268.0360
142,16,34.1042,268.2237
143,16,34.2352,268.4050
144,16,34.3641,268.5796
145,16,34.4909,268.7477
146,16,34.6156,268.9090
147,16,34.7380,269.0635
148,16,34.8581,269.2112
149,16,34.9759,269.3520
150,16,35.0912,269.4859
151,16,35.2042,269.6127
152,16,35.3146,269.7325
153,16,35.4224,269.8451
154,16,35.5277,269.9506
155,16,35.6302,270.0490
156,16,35.7300,270.1401
157,16,35.8269,270.2239
158,16,35.9210,270.3005
159,16,36.0121,270.3697
160,16,36.1003,270.4317
161,16,36.1853,270.4863
162,16,36.2672,270.5335
163,16,36.3460,270.5734
164,16,36.4214,270.6059
165,16,36.4935,270.6311
166,16,36.5621,270.6489
167,16,36.6273,270.6594
168,16,36.6890,270.6626
169,16,36.7470,270.6585
170,16,36.8013,270.6471
171,16,36.8519,270.6285
172,16,36.8987,270.6027
173,16,36.9416,270.5697
174,16,36.9805,270.5296
175,16,37.0153,270.4825
176,16,37.0461,270.4284
177,16,37.0727,270.3673
178,16,37.0951,270.2994
179,16,37.1131,270.2247
180,16,37.1268,270.1433
181,16,37.1361,270.0552
182,16,37.1409,269.9607
183,16,37.1411,269.8597
184,16,37.1366,269.7523
185,16,37.1275,269.6387
186,16,37.1137,269.5190
187,16,37.0950,269.3933
188,16,37.0715,269.2616
189,16,37.0431,269.1242
190,16,37.0097,268.9812
191,16,36.9713,268.8326
192,16,36.9278,268.6786
193,16,36.8792,268.5194
194,16,36.8254,268.3551
195,16,36.7664,268.1858
196,16,36.7022,268.0117
197,16,36.6326,267.8329
198,16,36.5578,267.6496
199,16,36.4776,267.4620
200,16,36.3920,267.2701
201,16,36.3010,267.0742
202,16,36.2045,266.8744
203,16,36.1026,266.6709
204,16,35.9952,266.4638
205,16,35.8823,266.2533
206,16,35.7639,266.0395
207,16,35.6400,265.8226
208,16,35.5106,265.6029
209,16,35.3756,265.3803
210,16,35.2352,265.1552
211,16,35.0892,264.9275
212,16,34.9377,264.6976
213,16,34.7808,264.4656
214,16,34.6183,264.2315
215,16,34.4505,263.9956
216,16,34.2772,263.7580
217,16,34.0985,263.5188
218,16,33.9145,263.2783
219,16,33.7251,263.0364
220,16,33.5305,262.7934
221,16,33.3306,262.5494
222,16,33.1255,262.3044
223,16,32.9153,262.0587
224,16,32.7001,261.8124
225,16,32.4798,261.5655
226,16,32.2546,261.3181
227,16,32.0245,261.0704
228,16,31.7895,260.8225
229,16,31.5499,260.5744
230,16,31.3056,260.3263
231,16,31.0567,260.0782
232,16,30.8033,259.8301
233,16,30.5455,259.5823
234,16,30.2835,259.3346
235,16,30.0172,259.0873
236,16,29.7468,258.8403
237,16,29.4724,258.5938
238,16,29.1940,258.3476
239,16,28.9119,258.1020
240,16,28.6261,257.8569
241,16,28.3367,257.6124
242,16,28.0439,257.3684
243,16,27.7477,257.1251
244,16,27.4483,256.8824
245,16,27.1458,256.6404
246,16,26.8404,256.3990
247,16,26.5320,256.1583
248,16,26.2210,255.9182
249,16,25.9074,255.6788
250,16,25.5913,255.4401
251,16,25.2729,255.2020
252,16,24.9523,254.9646
253,16,24.6297,254.7278
254,16,24.3051,254.4917
255,16,23.9788,254.2561
256,16,23.6509,254.0211
257,16,23.3214,253.7867
258,16,22.9907,253.5528
259,16,22.6587,253.3194
260,16,22.3257,253.0865
261,16,21.9917,252.8541
262,16,21.6570,252.6221
263,16,21.3217,252.3904
264,16,20.9859,252.1592
265,16,20.6498,251.9282
266,16,20.3135,251.6976
267,16,19.9772,251.4673
268,16,19.6410,251.2372
269,16,19.3050,251.0073
270,16,18.9695,250.7775
271,16,18.6345,250.5480
272,16,18.3003,250.3185
273,16,17.9669,250.0892
274,16,17.6344,249.8599
275,16,17.3032,249.6306
276,16,16.9732,249.4014
277,16,16.6446,249.1722
278,16,16.3176,248.9430
279,16,15.9924,248.7137
280,16,15.6690,248.4844
281,16,15.3475,248.2550
282,16,15.0283,248.0256
283,16,14.7112,247.7961
284,16,14.3966,247.5664
285,16,14.0845,247.3368
286,16,13.7751,247.1070
287,16,13.4685,246.8771
288,16,13.1649,246.6472
289,16,12.8643,246.4172
290,16,12.5669,246.1871
291,16,12.2728,245.9570
292,16,11.9821,245.7269
293,16,11.6950,245.4968
294,16,11.4115,245.2667
295,16,11.1318,245.0366
296,16,10.8561,244.8067
297,16,10.5843,244.5769
298,16,10.3167,244.3473
299,16,10.0533,244.1178
300,16,9.7943,243.8886
301,16,9.5396,243.6597
302,16,9.2896,243.4312
303,16,9.0441,243.2031
304,16,8.8034,242.9754
305,16,8.5675,242.7483
306,16,8.3365,242.5217
307,16,8.1105,242.2958
308,16,7.8896,242.0707
309,16,7.6739,241.8463
310,16,7.4634,241.6228
311,16,7.2582,241.4003
312,16,7.0584,241.1788
313,16,6.8641,240.9584
314,16,6.6753,240.7392
315,16,6.4921,240.5213
316,16,6.3146,240.3048
317,16,6.1428,240.0897
318,16,5.9767,239.8762
319,16,5.8165,239.6643
320,16,5.6622,239.4542
321,16,5.5138,239.2460
322,16,5.3713,239.0396
323,16,5.2349,238.8353
324,16,5.1045,238.6332
325,16,4.9803,238.4333
326,16,4.8621,238.2357
327,16,4.7501,238.0406
328,16,4.6443,237.8480
329,16,4.5447,237.6580
330,16,4.4514,237.4708
331,16,4.3643,237.2865
332,16,4.2834,237.1051
333,16,4.2089,236.9267
334,16,4.1406,236.7515
335,16,4.0787,236.5795
336,16,4.0231,236.4109
337,16,3.9737,236.2457
338,16,3.9307,236.0841
339,16,3.8940,235.9261
340,16,3.8636,235.7718
341,16,3.8396,235.6214
342,16,3.8218,235.4749
343,16,3.8102,235.3324
344,16,3.8050,235.1940
345,16,3.8060,235.0597
346,16,3.8132,234.9298
347,16,3.8266,234.8042
348,16,3.8462,234.6830
349,16,3.8719,234.5663
350,16,3.9037,234.4543
351,16,3.9417,234.3469
352,16,3.9856,234.2443
353,16,4.0356,234.1464
354,16,4.0915,234.0535
355,16,4.1533,233.9655
356,16,4.2210,233.8826
357,16,4.2945,233.8047
358,16,4.3738,233.7320
359,16,4.4587,233.6644
360,16,4.5494,233.6022
361,16,4.6456,233.5453
362,16,4.7473,233.4937
363,16,4.8545,233.4475
364,16,4.9671,233.4069
365,16,5.0850,233.3717
1,17,-4.4540,243.1969
2,17,-4.3237,243.1868
3,17,-4.1889,243.1827
4,17,-4.0498,243.1849
5,17,-3.9063,243.1932
6,17,-3.7587,243.2077
7,17,-3.6069,243.2285
8,17,-3.4511,243.2555
9,17,-3.2913,243.2888
10,17,-3.1277,243.3283
11,17,-2.9604,243.3741
12,17,-2.7894,243.4261
13,17,-2.6148,243.4844
14,17,-2.4368,243.5490
15,17,-2.2555,243.6198
16,17,-2.0709,243.6969
17,17,-1.8831,243.7802
18,17,-1.6923,243.8697
19,17,-1.4986,243.9655
20,17,-1.3021,244.0674
21,17,-1.1028,244.1755
22,17,-0.9009,244.2898
23,17,-0.6965,244.4101
24,17,-0.4897,244.5366
25,17,-0.2806,244.6691
26,17,-0.0694,244.8077
27,17,0.1440,244.9523
28,17,0.3593,245.1028
29,17,0.5765,245.2593
30,17,0.7954,245.4216
31,17,1.0160,245.5898
32,17,1.2381,245.7638
33,17,1.4616,245.9436
34,17,1.6865,246.1290
35,17,1.9126,246.3201
36,17,2.1398,246.5168
37,17,2.3680,246.7190
38,17,2.5972,246.9267
39,17,2.8271,247.1398
40,17,3.0578,247.3583
41,17,3.2891,247.5820
42,17,3.5210,247.8110
43,17,3.7533,248.0450
44,17,3.9859,248.2842
45,17,4.2188,248.5283
46,17,4.4519,248.7774
47,17,4.6850,249.0312
48,17,4.9182,249.2899
49,17,5.1513,249.5531
50,17,5.3843,249.8210
51,17,5.6170,250.0933
52,17,5.8494,250.3700
53,17,6.0815,250.6510
54,17,6.3132,250.9362
55,17,6.5443,251.2254
56,17,6.7749,251.5187
57,17,7.0049,251.8158
58,17,7.2343,252.1167
59,17,7.4629,252.4213
60,17,7.6907,252.7294
61,17,7.9178,253.0410
62,17,8.1440,253.3558
63,17,8.3693,253.6739
64,17,8.5936,253.9951
65,17,8.8170,254.3192
66,17,9.0394,254.6462
67,17,9.2608,254.9759
68,17,9.4811,255.3082
69,17,9.7003,255.6429
70,17,9.9185,255.9800
71,17,10.1355,256.3192
72,17,10.3514,256.6606
73,17,10.5661,257.0039
74,17,10.7797,257.3489
75,17,10.9921,257.6957
76,17,11.2034,258.0440
77,17,11.4135,258.3936
78,17,11.6224,258.7445
79,17,11.8301,259.0966
80,17,12.0367,259.4496
81,17,12.2420,259.8035
82,17,12.4462,260.1580
83,17,12.6493,260.5131
84,17,12.8512,260.8686
85,17,13.0519,261.2244
86,17,13.2515,261.5803
87,17,13.4500,261.9363
88,17,13.6474,262.2920
89,17,13.8436,262.6475
90,17,14.0388,263.0025
91,17,14.2329,263.3570
92,17,14.4259,263.7108
93,17,14.6179,264.0637
94,17,14.8089,264.4156
95,17,14.9988,264.7664
96,17,15.1877,265.1160
97,17,15.3756,265.4641
98,17,15.5625,265.8107
99,17,15.7485,266.1556
100,17,15.9335,266.4988
101,17,16.1175,266.8399
102,17,16.3006,267.1791
103,17,16.4828,267.5160
104,17,16.6640,267.8506
105,17,16.8443,268.1827
106,17,17.0237,268.5123
107,17,17.2022,268.8392
108,17,17.3797,269.1632
109,17,17.5564,269.4843
110,17,17.7321,269.8023
111,17,17.9069,270.1171
112,17,18.0808,270.4286
113,17,18.2538,270.7367
114,17,18.4259,271.0413
115,17,18.5970,271.3422
116,17,18.7671,271.6393
117,17,18.9363,271.9326
118,17,19.1044,272.2219
119,17,19.2716,272.5071
120,17,19.4378,272.7882
121,17,19.6028,273.0649
122,17,19.7669,273.3373
123,17,19.9298,273.6051
124,17,20.0916,273.8684
125,17,20.2523,274.1270
126,17,20.4117,274.3809
127,17,20.5700,274.6299
128,17,20.7270,274.8739
129,17,20.8827,275.1129
130,17,21.0370,275.3468
131,17,21.1900,275.5755
132,17,21.3416,275.7990
133,17,21.4917,276.0170
134,17,21.6403,276.2297
135,17,21.7874,276.4368
136,17,21.9329,276.6383
137,17,22.0767,276.8343
138,17,22.2187,277.0245
139,17,22.3591,277.2089
140,17,22.4976,277.3875
141,17,22.6342,277.5602
142,17,22.7689,277.7269
143,17,22.9016,277.8876
144,17,23.0323,278.0423
145,17,23.1609,278.1909
146,17,23.2872,278.3333
147,17,23.4114,278.4695
148,17,23.5332,278.5994
149,17,23.6527,278.7231
150,17,23.7697,278.8405
151,17,23.8843,278.9515
152,17,23.9963,279.0562
153,17,24.1056,279.1544
154,17,24.2123,279.2462
155,17,24.3161,279.3316
156,17,24.4172,279.4104
157,17,24.5153,279.4828
158,17,24.6104,279.5488
159,17,24.7025,279.6082
160,17,24.7915,279.6611
161,17,24.8773,279.7075
162,17,24.9599,279.7473
163,17,25.0391,279.7807
164,17,25.1149,279.8076
165,17,25.1872,279.8281
166,17,25.2560,279.8420
167,17,25.3213,279.8496
168,17,25.3828,279.8507
169,17,25.4406,279.8454
170,17,25.4945,279.8337
171,17,25.5446,279.8158
172,17,25.5908,279.7915
173,17,25.6329,279.7611
174,17,25.6710,279.7244
175,17,25.7049,279.6816
176,17,25.7346,279.6327
177,17,25.7600,279.5778
178,17,25.7811,279.5169
179,17,25.7978,279.4501
180,17,25.8101,279.3775
181,17,25.8178,279.2991
182,17,25.8210,279.2150
183,17,25.8195,279.1253
184,17,25.8134,279.0301
185,17,25.8025,278.9295
186,17,25.7868,278.8236
187,17,25.7663,278.7123
188,17,25.7409,278.5960
189,17,25.7105,278.4745
190,17,25.6752,278.3482
191,17,25.6348,278.2169
192,17,25.5894,278.0810
193,17,25.5389,277.9404
194,17,25.4832,277.7953
195,17,25.4224,277.6458
196,17,25.3563,277.4920
197,17,25.2851,277.3340
198,17,25.2085,277.1720
199,17,25.1267,277.0060
200,17,25.0395,276.8362
201,17,24.9470,276.6628
202,17,24.8492,276.4857
203,17,24.7460,276.3053
204,17,24.6375,276.1215
205,17,24.5236,275.9345
206,17,24.4042,275.7445
207,17,24.2796,275.5515
208,17,24.1495,275.3557
209,17,24.0140,275.1572
210,17,23.8732,274.9562
211,17,23.7271,274.7527
212,17,23.5756,274.5468
213,17,23.4188,274.3387
214,17,23.2567,274.1286
215,17,23.0893,273.9164
216,17,22.9167,273.7024
217,17,22.7388,273.4866
218,17,22.5558,273.2692
219,17,22.3677,273.0502
220,17,22.1745,272.8298
221,17,21.9763,272.6081
222,17,21.7730,272.3851
223,17,21.5649,272.1609
224,17,21.3518,271.9357
225,17,21.1340,271.7095
226,17,20.9114,271.4824
227,17,20.6841,271.2545
228,17,20.4522,271.0259
229,17,20.2158,270.7966
230,17,19.9749,270.5667
231,17,19.7297,270.3363
232,17,19.4802,270.1054
233,17,19.2264,269.8741
234,17,18.9686,269.6425
235,17,18.7068,269.4105
236,17,18.4410,269.1783
237,17,18.1715,268.9459
238,17,17.8982,268.7133
239,17,17.6213,268.4806
240,17,17.3410,268.2477
241,17,17.0572,268.0148
242,17,16.7702,267.7818
243,17,16.4801,267.5487
244,17,16.1869,267.3157
245,17,15.8908,267.0826
246,17,15.5919,266.8496
247,17,15.2904,266.6165
248,17,14.9863,266.3835
249,17,14.6798,266.1505
250,17,14.3711,265.9175
251,17,14.0602,265.6845
252,17,13.7473,265.4515
253,17,13.4325,265.2185
254,17,13.1160,264.9855
255,17,12.7980,264.7525
256,17,12.4785,264.5194
257,17,12.1576,264.2863
258,17,11.8357,264.0532
259,17,11.5127,263.8199
260,17,11.1888,263.5865
261,17,10.8642,263.3531
262,17,10.5390,263.1194
263,17,10.2134,262.8857
264,17,9.8875,262.6517
265,17,9.5614,262.4175
266,17,9.2354,262.1831
267,17,8.9095,261.9485
268,17,8.5840,261.7136
269,17,8.2588,261.4784
270,17,7.9343,261.2428
271,17,7.6106,261.0070
272,17,7.2877,260.7708
273,17,6.9659,260.5343
274,17,6.6453,260.2974
275,17,6.3260,260.0601
276,17,6.0082,259.8225
277,17,5.6920,259.5844
278,17,5.3776,259.3459
279,17,5.0651,259.1070
280,17,4.7547,258.8677
281,17,4.4464,258.6280
282,17,4.1405,258.3878
283,17,3.8371,258.1473
284,17,3.5362,257.9063
285,17,3.2381,257.6650
286,17,2.9429,257.4233
287,17,2.6507,257.1812
288,17,2.3616,256.9388
289,17,2.0758,256.6961
290,17,1.7934,256.4531
291,17,1.5145,256.2099
292,17,1.2392,255.9664
293,17,0.9676,255.7228
294,17,0.6999,255.4790
295,17,0.4362,255.2351
296,17,0.1766,254.9912
297,17,-0.0789,254.7473
298,17,-0.3300,254.5034
299,17,-0.5767,254.2597
300,17,-0.8189,254.0161
301,17,-1.0565,253.7728
302,17,-1.2895,253.5298
303,17,-1.5176,253.2872
304,17,-1.7409,253.0451
305,17,-1.9592,252.8035
306,17,-2.1724,252.5625
307,17,-2.3806,252.3223
308,17,-2.5835,252.0828
309,17,-2.7811,251.8443
310,17,-2.9735,251.6067
311,17,-3.1604,251.3702
312,17,-3.3418,251.1349
313,17,-3.5177,250.9009
314,17,-3.6880,250.6682
315,17,-3.8526,250.4371
316,17,-4.0116,250.2075
317,17,-4.1648,249.9797
318,17,-4.3122,249.7537
319,17,-4.4538,249.5296
320,17,-4.5896,249.3076
321,17,-4.7194,249.0877
322,17,-4.8433,248.8701
323,17,-4.9612,248.6549
324,17,-5.0732,248.4422
325,17,-5.1791,248.2321
326,17,-5.2790,248.0248
327,17,-5.3728,247.8203
328,17,-5.4606,247.6188
329,17,-5.5424,247.4204
330,17,-5.6180,247.2253
331,17,-5.6876,247.0334
332,17,-5.7511,246.8450
333,17,-5.8085,246.6602
334,17,-5.8598,246.4791
335,17,-5.9051,246.3017
336,17,-5.9443,246.1282
337,17,-5.9774,245.9587
338,17,-6.0045,245.7934
339,17,-6.0256,245.6322
340,17,-6.0407,245.4754
341,17,-6.0499,245.3230
342,17,-6.0531,245.1752
343,17,-6.0503,245.0319
344,17,-6.0417,244.8934
345,17,-6.0273,244.7597
346,17,-6.0070,244.6309
347,17,-5.9809,244.5070
348,17,-5.9491,244.3883
349,17,-5.9116,244.2747
350,17,-5.8684,244.1663
351,17,-5.8196,244.0632
352,17,-5.7653,243.9655
353,17,-5.7054,243.8733
354,17,-5.6401,243.7866
355,17,-5.5694,243.7054
356,17,-5.4934,243.6300
357,17,-5.4121,243.5602
358,17,-5.3256,243.4961
359,17,-5.2339,243.4379
360,17,-5.1372,243.3856
361,17,-5.0354,243.3391
362,17,-4.9287,243.2986
363,17,-4.8171,243.2641
364,17,-4.7008,243.2357
365,17,-4.5797,243.2133
1,18,-14.9631,252.2743
2,18,-14.8322,252.2743
3,18,-14.6974,252.2810
4,18,-14.5587,252.2944
5,18,-14.4161,252.3145
6,18,-14.2698,252.3413
7,18,-14.1199,252.3747
8,18,-13.9664,252.4148
9,18,-13.8095,252.4616
10,18,-13.6492,252.5151
11,18,-13.4856,252.5752
12,18,-13.3188,252.6419
13,18,-13.1490,252.7152
14,18,-12.9761,252.7951
15,18,-12.8004,252.8816
16,18,-12.6219,252.9745
17,18,-12.4406,253.0740
18,18,-12.2568,253.1799
19,18,-12.0704,253.2922
20,18,-11.8817,253.4109
21,18,-11.6906,253.5360
22,18,-11.4973,253.6673
23,18,-11.3019,253.8048
24,18,-11.1045,253.9486
25,18,-10.9052,254.0985
26,18,-10.7040,254.2545
27,18,-10.5011,254.4165
28,18,-10.2966,254.5845
29,18,-10.0905,254.7584
30,18,-9.8830,254.9381
31,18,-9.6741,255.1236
32,18,-9.4640,255.3148
33,18,-9.2527,255.5117
34,18,-9.0404,255.7141
35,18,-8.8270,255.9220
36,18,-8.6128,256.1354
37,18,-8.3977,256.3541
38,18,-8.1819,256.5780
39,18,-7.9655,256.8071
40,18,-7.7485,257.0414
41,18,-7.5310,257.2806
42,18,-7.3131,257.5248
43,18,-7.0949,257.7737
44,18,-6.8764,258.0275
45,18,-6.6578,258.2858
46,18,-6.4390,258.5488
47,18,-6.2202,258.8161
48,18,-6.0013,259.0879
49,18,-5.7826,259.3639
50,18,-5.5640,259.6440
51,18,-5.3456,259.9282
52,18,-5.1274,260.2163
53,18,-4.9095,260.5082
54,18,-4.6920,260.8039
55,18,-4.4749,261.1032
56,18,-4.2582,261.4060
57,18,-4.0420,261.7121
58,18,-3.8263,262.0216
59,18,-3.6111,262.3341
60,18,-3.3966,262.6497
61,18,-3.1826,262.9683
62,18,-2.9693,263.2896
63,18,-2.7567,263.6135
64,18,-2.5447,263.9400
65,18,-2.3335,264.2690
66,18,-2.1230,264.6002
67,18,-1.9133,264.9335
68,18,-1.7043,265.2689
69,18,-1.4960,265.6063
70,18,-1.2886,265.9453
71,18,-1.0819,266.2860
72,18,-0.8761,266.6283
73,18,-0.6710,266.9719
74,18,-0.4667,267.3167
75,18,-0.2632,267.6627
76,18,-0.0605,268.0096
77,18,0.1414,268.3574
78,18,0.3425,268.7058
79,18,0.5429,269.0549
80,18,0.7425,269.4044
81,18,0.9413,269.7541
82,18,1.1393,270.1041
83,18,1.3367,270.4540
84,18,1.5333,270.8039
85,18,1.7291,271.1535
86,18,1.9243,271.5028
87,18,2.1188,271.8515
88,18,2.3126,272.1996
89,18,2.5057,272.5469
90,18,2.6981,272.8934
91,18,2.8899,273.2387
92,18,3.0811,273.5829
93,18,3.2716,273.9258
94,18,3.4616,274.2673
95,18,3.6509,274.6072
96,18,3.8396,274.9454
97,18,4.0277,275.2818
98,18,4.2152,275.6163
99,18,4.4022,275.9487
100,18,4.5885,276.2789
101,18,4.7743,276.6069
102,18,4.9595,276.9324
103,18,5.1442,277.2553
104,18,5.3283,277.5756
105,18,5.5117,277.8931
106,18,5.6946,278.2077
107,18,5.8769,278.5193
108,18,6.0586,278.8278
109,18,6.2397,279.1331
110,18,6.4202,279.4351
111,18,6.6000,279.7336
112,18,6.7791,280.0286
113,18,6.9576,280.3199
114,18,7.1354,280.6075
115,18,7.3124,280.8912
116,18,7.4887,281.1710
117,18,7.6642,281.4468
118,18,7.8389,281.7185
119,18,8.0128,281.9860
120,18,8.1858,282.2491
121,18,8.3579,282.5079
122,18,8.5290,282.7622
123,18,8.6991,283.0119
124,18,8.8682,283.2570
125,18,9.0362,283.4974
126,18,9.2031,283.7331
127,18,9.3689,283.9638
128,18,9.5334,284.1897
129,18,9.6966,284.4105
130,18,9.8585,284.6263
131,18,10.0190,284.8369
132,18,10.1781,285.0424
133,18,10.3356,285.2426
134,18,10.4916,285.4375
135,18,10.6460,285.6270
136,18,10.7987,285.8112
137,18,10.9497,285.9898
138,18,11.0988,286.1630
139,18,11.2461,286.3305
140,18,11.3914,286.4925
141,18,11.5347,286.6488
142,18,11.6759,286.7994
143,18,11.8150,286.9444
144,18,11.9518,287.0835
145,18,12.0863,287.2169
146,18,12.2185,287.3444
147,18,12.3482,287.4661
148,18,12.4754,287.5820
149,18,12.6000,287.6919
150,18,12.7219,287.7959
151,18,12.8411,287.8940
152,18,12.9574,287.9862
153,18,13.0709,288.0724
154,18,13.1814,288.1527
155,18,13.2889,288.2270
156,18,13.3933,288.2953
157,18,13.4945,288.3577
158,18,13.5924,288.4141
159,18,13.6870,288.4645
160,18,13.7781,288.5090
161,18,13.8658,288.5475
162,18,13.9500,288.5801
163,18,14.0305,288.6069
164,18,14.1073,288.6277
165,18,14.1803,288.6426
166,18,14.2495,288.6517
167,18,14.3148,288.6550
168,18,14.3762,288.6525
169,18,14.4335,288.6443
170,18,14.4867,288.6303
171,18,14.5357,288.6107
172,18,14.5805,288.5854
173,18,14.6209,288.5546
174,18,14.6571,288.5182
175,18,14.6888,288.4764
176,18,14.7160,288.4291
177,18,14.7387,288.3764
178,18,14.7568,288.3185
179,18,14.7702,288.2553
180,18,14.7789,288.1869
181,18,14.7829,288.1134
182,18,14.7821,288.0348
183,18,14.7765,287.9513
184,18,14.7659,287.8629
185,18,14.7504,287.7697
186,18,14.7299,287.6718
187,18,14.7043,287.5692
188,18,14.6737,287.4620
189,18,14.6380,287.3504
190,18,14.5972,287.2343
191,18,14.5512,287.1140
192,18,14.5000,286.9895
193,18,14.4435,286.8608
194,18,14.3818,286.7281
195,18,14.3148,286.5916
196,18,14.2425,286.4512
197,18,14.1649,286.3070
198,18,14.0819,286.1593
199,18,13.9936,286.0080
200,18,13.8999,285.8533
201,18,13.8008,285.6953
202,18,13.6964,285.5340
203,18,13.5865,285.3697
204,18,13.4713,285.2023
205,18,13.3507,285.0320
206,18,13.2247,284.8589
207,18,13.0934,284.6831
208,18,12.9567,284.5047
209,18,12.8147,284.3237
210,18,12.6673,284.1404
211,18,12.5146,283.9547
212,18,12.3567,283.7668
213,18,12.1935,283.5768
214,18,12.0251,283.3848
215,18,11.8515,283.1908
216,18,11.6727,282.9950
217,18,11.4888,282.7974
218,18,11.2999,282.5981
219,18,11.1060,282.3972
220,18,10.9070,282.1948
221,18,10.7032,281.9910
222,18,10.4945,281.7858
223,18,10.2810,281.5793
224,18,10.0627,281.3716
225,18,9.8398,281.1628
226,18,9.6122,280.9528
227,18,9.3802,280.7418
228,18,9.1437,280.5299
229,18,8.9028,280.3170
230,18,8.6576,280.1033
231,18,8.4082,279.8888
232,18,8.1547,279.6735
233,18,7.8971,279.4574
234,18,7.6356,279.2407
235,18,7.3703,279.0234
236,18,7.1012,278.8054
237,18,6.8285,278.5868
238,18,6.5523,278.3677
239,18,6.2726,278.1480
240,18,5.9896,277.9278
241,18,5.7034,277.7071
242,18,5.4141,277.4859
243,18,5.1219,277.2642
244,18,4.8268,277.0421
245,18,4.5289,276.8195
246,18,4.2285,276.5964
247,18,3.9256,276.3729
248,18,3.6203,276.1489
249,18,3.3128,275.9245
250,18,3.0033,275.6995
251,18,2.6918,275.4741
252,18,2.3784,275.2483
253,18,2.0634,275.0219
254,18,1.7469,274.7950
255,18,1.4289,274.5675
256,18,1.1097,274.3395
257,18,0.7894,274.1110
258,18,0.4681,273.8818
259,18,0.1460,273.6521
260,18,-0.1768,273.4217
261,18,-0.5002,273.1907
262,18,-0.8239,272.9591
263,18,-1.1479,272.7267
264,18,-1.4719,272.4937
265,18,-1.7959,272.2599
266,18,-2.1197,272.0253
267,18,-2.4431,271.7900
268,18,-2.7660,271.5539
269,18,-3.0883,271.3170
270,18,-3.4098,271.0793
271,18,-3.7303,270.8408
272,18,-4.0496,270.6014
273,18,-4.3678,270.3611
274,18,-4.6845,270.1199
275,18,-4.9997,269.8779
276,18,-5.3132,269.6350
277,18,-5.6248,269.3912
278,18,-5.9345,269.1465
279,18,-6.2420,268.9009
280,18,-6.5473,268.6544
281,18,-6.8501,268.4070
282,18,-7.1504,268.1588
283,18,-7.4480,267.9097
284,18,-7.7427,267.6597
285,18,-8.0345,267.4090
286,18,-8.3232,267.1574
287,18,-8.6086,266.9050
288,18,-8.8907,266.6520
289,18,-9.1693,266.3982
290,18,-9.4443,266.1437
291,18,-9.7155,265.8886
292,18,-9.9829,265.6329
293,18,-10.2463,265.3767
294,18,-10.5056,265.1201
295,18,-10.7608,264.8630
296,18,-11.0116,264.6056
297,18,-11.2580,264.3479
298,18,-11.4998,264.0899
299,18,-11.7371,263.8319
300,18,-11.9696,263.5738
301,18,-12.1974,263.3157
302,18,-12.4202,263.0577
303,18,-12.6380,262.7999
304,18,-12.8508,262.5425
305,18,-13.0584,262.2854
306,18,-13.2607,262.0289
307,18,-13.4578,261.7729
308,18,-13.6495,261.5177
309,18,-13.8357,261.2633
310,18,-14.0165,261.0099
311,18,-14.1917,260.7575
312,18,-14.3612,260.5064
313,18,-14.5251,260.2565
314,18,-14.6833,260.0081
315,18,-14.8357,259.7613
316,18,-14.9823,259.5162
317,18,-15.1231,259.2729
318,18,-15.2580,259.0315
319,18,-15.3870,258.7923
320,18,-15.5100,258.5554
321,18,-15.6271,258.3208
322,18,-15.7383,258.0887
323,18,-15.8434,257.8593
324,18,-15.9426,257.6328
325,18,-16.0357,257.4091
326,18,-16.1228,257.1885
327,18,-16.2039,256.9712
328,18,-16.2790,256.7572
329,18,-16.3481,256.5467
330,18,-16.4112,256.3399
331,18,-16.4683,256.1368
332,18,-16.5194,255.9376
333,18,-16.5646,255.7425
334,18,-16.6038,255.5515
335,18,-16.6371,255.3649
336,18,-16.6645,255.1827
337,18,-16.6860,255.0050
338,18,-16.7017,254.8320
339,18,-16.7116,254.6637
340,18,-16.7157,254.5004
341,18,-16.7140,254.3421
342,18,-16.7067,254.1890
343,18,-16.6938,254.0410
344,18,-16.6752,253.8984
345,18,-16.6511,253.7613
346,18,-16.6214,253.6297
347,18,-16.5863,253.5037
348,18,-16.5458,253.3834
349,18,-16.4999,253.2690
350,18,-16.4488,253.1604
351,18,-16.3924,253.0578
352,18,-16.3308,252.9612
353,18,-16.2641,252.8707
354,18,-16.1924,252.7864
355,18,-16.1156,252.7083
356,18,-16.0340,252.6365
357,18,-15.9475,252.5711
358,18,-15.8562,252.5120
359,18,-15.7603,252.4594
360,18,-15.6597,252.4132
361,18,-15.5545,252.3736
362,18,-15.4449,252.3405
363,18,-15.3308,252.3140
364,18,-15.2124,252.2941
365,18,-15.0898,252.2809
1,19,-26.0111,261.1106
2,19,-25.8802,261.1180
3,19,-25.7457,261.1328
4,19,-25.6076,261.1550
5,19,-25.4660,261.1844
6,19,-25.3210,261.2212
7,19,-25.1727,261.2653
8,19,-25.0211,261.3166
9,19,-24.8664,261.3752
10,19,-24.7086,261.4410
11,19,-24.5478,261.5139
12,19,-24.3841,261.5940
13,19,-24.2177,261.6812
14,19,-24.0485,261.7754
15,19,-23.8767,261.8766
16,19,-23.7023,261.9848
17,19,-23.5256,262.0998
18,19,-23.3464,262.2217
19,19,-23.1650,262.3503
20,19,-22.9814,262.4856
21,19,-22.7957,262.6276
22,19,-22.6079,262.7761
23,19,-22.4183,262.9311
24,19,-22.2268,263.0925
25,19,-22.0336,263.2603
26,19,-21.8386,263.4343
27,19,-21.6421,263.6145
28,19,-21.4441,263.8008
29,19,-21.2447,263.9931
30,19,-21.0439,264.1914
31,19,-20.8419,264.3955
32,19,-20.6387,264.6054
33,19,-20.4343,264.8209
34,19,-20.2290,265.0420
35,19,-20.0226,265.2685
36,19,-19.8154,265.5004
37,19,-19.6074,265.7377
38,19,-19.3986,265.9800
39,19,-19.1892,266.2275
40,19,-18.9791,266.4799
41,19,-18.7685,266.7372
42,19,-18.5575,266.9993
43,19,-18.3459,267.2660
44,19,-18.1341,267.5372
45,19,-17.9219,267.8129
46,19,-17.7094,268.0929
47,19,-17.4968,268.3771
48,19,-17.2840,268.6654
49,19,-17.0711,268.9577
50,19,-16.8581,269.2538
51,19,-16.6451,269.5537
52,19,-16.4321,269.8572
53,19,-16.2192,270.1642
54,19,-16.0064,270.4746
55,19,-15.7937,270.7883
56,19,-15.5811,271.1050
57,19,-15.3688,271.4248
58,19,-15.1567,271.7475
59,19,-14.9448,272.0729
60,19,-14.7331,272.4009
61,19,-14.5218,272.7315
62,19,-14.3107,273.0644
63,19,-14.1000,273.3995
64,19,-13.8896,273.7368
65,19,-13.6795,274.0760
66,19,-13.4698,274.4170
67,19,-13.2605,274.7598
68,19,-13.0515,275.1041
69,19,-12.8429,275.4499
70,19,-12.6346,275.7970
71,19,-12.4267,276.1453
72,19,-12.2192,276.4945
73,19,-12.0121,276.8447
74,19,-11.8054,277.1957
75,19,-11.5990,277.5472
76,19,-11.3930,277.8993
77,19,-11.1873,278.2517
78,19,-10.9820,278.6043
79,19,-10.7771,278.9570
80,19,-10.5725,279.3096
81,19,-10.3682,279.6621
82,19,-10.1643,280.0142
83,19,-9.9607,280.3659
84,19,-9.7574,280.7169
85,19,-9.5544,281.0673
86,19,-9.3518,281.4167
87,19,-9.1494,281.7652
88,19,-8.9473,282.1126
89,19,-8.7455,282.4587
90,19,-8.5440,282.8034
91,19,-8.3427,283.1466
92,19,-8.1417,283.4881
93,19,-7.9410,283.8279
94,19,-7.7406,284.1658
95,19,-7.5405,284.5017
96,19,-7.3406,284.8354
97,19,-7.1410,285.1669
98,19,-6.9417,285.4960
99,19,-6.7427,285.8226
100,19,-6.5440,286.1465
101,19,-6.3456,286.4678
102,19,-6.1476,286.7862
103,19,-5.9499,287.1017
104,19,-5.7525,287.4140
105,19,-5.5555,287.7233
106,19,-5.3589,288.0292
107,19,-5.1628,288.3318
108,19,-4.9670,288.6309
109,19,-4.7718,288.9264
110,19,-4.5770,289.2182
111,19,-4.3828,289.5063
112,19,-4.1891,289.7905
113,19,-3.9961,290.0707
114,19,-3.8036,290.3469
115,19,-3.6119,290.6190
116,19,-3.4208,290.8869
117,19,-3.2306,291.1504
118,19,-3.0411,291.4096
119,19,-2.8525,291.6643
120,19,-2.6648,291.9146
121,19,-2.4781,292.1602
122,19,-2.2923,292.4011
123,19,-2.1077,292.6373
124,19,-1.9242,292.8687
125,19,-1.7418,293.0953
126,19,-1.5608,293.3169
127,19,-1.3810,293.5336
128,19,-1.2026,293.7452
129,19,-1.0257,293.9517
130,19,-0.8503,294.1531
131,19,-0.6765,294.3493
132,19,-0.5043,294.5403
133,19,-0.3339,294.7260
134,19,-0.1652,294.9064
135,19,0.0015,295.0815
136,19,0.1663,295.2511
137,19,0.3291,295.4153
138,19,0.4898,295.5741
139,19,0.6483,295.7274
140,19,0.8045,295.8752
141,19,0.9583,296.0175
142,19,1.1098,296.1542
143,19,1.2587,296.2853
144,19,1.4051,296.4108
145,19,1.5488,296.5308
146,19,1.6897,296.6451
147,19,1.8278,296.7538
148,19,1.9630,296.8569
149,19,2.0953,296.9543
150,19,2.2244,297.0461
151,19,2.3504,297.1322
152,19,2.4732,297.2127
153,19,2.5926,297.2876
154,19,2.7087,297.3569
155,19,2.8213,297.4205
156,19,2.9304,297.4785
157,19,3.0358,297.5310
158,19,3.1376,297.5778
159,19,3.2355,297.6191
160,19,3.3296,297.6549
161,19,3.4198,297.6851
162,19,3.5060,297.7099
163,19,3.5881,297.7292
164,19,3.6661,297.7431
165,19,3.7399,297.7516
166,19,3.8094,297.7547
167,19,3.8746,297.7525
168,19,3.9354,297.7450
169,19,3.9917,297.7323
170,19,4.0434,297.7144
171,19,4.0906,297.6913
172,19,4.1331,297.6631
173,19,4.1709,297.6299
174,19,4.2040,297.5917
175,19,4.2322,297.5485
176,19,4.2556,297.5004
177,19,4.2740,297.4475
178,19,4.2875,297.3899
179,19,4.2959,297.3275
180,19,4.2993,297.2606
181,19,4.2975,297.1890
182,19,4.2907,297.1130
183,19,4.2786,297.0325
184,19,4.2613,296.9476
185,19,4.2387,296.8585
186,19,4.2109,296.7652
187,19,4.1777,296.6678
188,19,4.1391,296.5663
189,19,4.0952,296.4608
190,19,4.0459,296.3515
191,19,3.9911,296.2383
192,19,3.9309,296.1214
193,19,3.8652,296.0009
194,19,3.7941,295.8768
195,19,3.7174,295.7493
196,19,3.6353,295.6184
197,19,3.5476,295.4842
198,19,3.4544,295.3468
199,19,3.3557,295.2062
200,19,3.2515,295.0627
201,19,3.1418,294.9162
202,19,3.0265,294.7668
203,19,2.9057,294.6147
204,19,2.7795,294.4599
205,19,2.6478,294.3025
206,19,2.5106,294.1425
207,19,2.3679,293.9802
208,19,2.2199,293.8155
209,19,2.0664,293.6486
210,19,1.9076,293.4794
211,19,1.7434,293.3082
212,19,1.5739,293.1349
213,19,1.3992,292.9597
214,19,1.2192,292.7827
215,19,1.0340,292.6038
216,19,0.8437,292.4232
217,19,0.6483,292.2410
218,19,0.4479,292.0572
219,19,0.2425,291.8718
220,19,0.0321,291.6850
221,19,-0.1832,291.4968
222,19,-0.4032,291.3073
223,19,-0.6280,291.1164
224,19,-0.8575,290.9244
225,19,-1.0915,290.7311
226,19,-1.3301,290.5367
227,19,-1.5731,290.3412
228,19,-1.8206,290.1447
229,19,-2.0723,289.9472
230,19,-2.3281,289.7486
231,19,-2.5881,289.5492
232,19,-2.8522,289.3488
233,19,-3.1201,289.1475
234,19,-3.3919,288.9454
235,19,-3.6674,288.7424
236,19,-3.9465,288.5386
237,19,-4.2291,288.3340
238,19,-4.5152,288.1286
239,19,-4.8045,287.9224
240,19,-5.0971,287.7154
241,19,-5.3927,287.5076
242,19,-5.6912,287.2990
243,19,-5.9927,287.0897
244,19,-6.2968,286.8795
245,19,-6.6035,286.6686
246,19,-6.9126,286.4569
247,19,-7.2242,286.2443
248,19,-7.5379,286.0309
249,19,-7.8537,285.8167
250,19,-8.1714,285.6016
251,19,-8.4910,285.3856
252,19,-8.8122,285.1687
253,19,-9.1349,284.9509
254,19,-9.4590,284.7321
255,19,-9.7844,284.5123
256,19,-10.1109,284.2915
257,19,-10.4384,284.0697
258,19,-10.7667,283.8468
259,19,-11.0956,283.6228
260,19,-11.4251,283.3977
261,19,-11.7549,283.1715
262,19,-12.0850,282.9440
263,19,-12.4152,282.7153
264,19,-12.7453,282.4854
265,19,-13.0751,282.2542
266,19,-13.4046,282.0217
267,19,-13.7336,281.7878
268,19,-14.0619,281.5526
269,19,-14.3893,281.3160
270,19,-14.7158,281.0780
271,19,-15.0411,280.8386
272,19,-15.3652,280.5977
273,19,-15.6878,280.3553
274,19,-16.0088,280.1115
275,19,-16.3281,279.8661
276,19,-16.6455,279.6193
277,19,-16.9609,279.3709
278,19,-17.2741,279.1210
279,19,-17.5849,278.8696
280,19,-17.8933,278.6166
281,19,-18.1990,278.3622
282,19,-18.5020,278.1062
283,19,-18.8021,277.8487
284,19,-19.0991,277.5898
285,19,-19.3929,277.3294
286,19,-19.6835,277.0676
287,19,-19.9705,276.8044
288,19,-20.2540,276.5398
289,19,-20.5337,276.2740
290,19,-20.8096,276.0068
291,19,-21.0816,275.7384
292,19,-21.3494,275.4689
293,19,-21.6130,275.1983
294,19,-21.8723,274.9266
295,19,-22.1272,274.6540
296,19,-22.3774,274.3805
297,19,-22.6231,274.1062
298,19,-22.8639,273.8311
299,19,-23.0999,273.5555
300,19,-23.3309,273.2793
301,19,-23.5568,273.0027
302,19,-23.7776,272.7258
303,19,-23.9932,272.4487
304,19,-24.2034,272.1715
305,19,-24.4083,271.8944
306,19,-24.6076,271.6174
307,19,-24.8015,271.3407
308,19,-24.9897,271.0645
309,19,-25.1722,270.7889
310,19,-25.3490,270.5139
311,19,-25.5200,270.2399
312,19,-25.6851,269.9669
313,19,-25.8444,269.6951
314,19,-25.9977,269.4246
315,19,-26.1451,269.1556
316,19,-26.2865,268.8883
317,19,-26.4219,268.6229
318,19,-26.5512,268.3594
319,19,-26.6744,268.0981
320,19,-26.7915,267.8392
321,19,-26.9026,267.5828
322,19,-27.0075,267.3290
323,19,-27.1063,267.0781
324,19,-27.1990,266.8303
325,19,-27.2856,266.5857
326,19,-27.3660,266.3444
327,19,-27.4404,266.1067
328,19,-27.5087,265.8728
329,19,-27.5709,265.6427
330,19,-27.6271,265.4167
331,19,-27.6772,265.1949
332,19,-27.7214,264.9775
333,19,-27.7596,264.7647
334,19,-27.7918,264.5566
335,19,-27.8182,264.3533
336,19,-27.8387,264.1551
337,19,-27.8534,263.9620
338,19,-27.8623,263.7742
339,19,-27.8655,263.5919
340,19,-27.8630,263.4151
341,19,-27.8549,263.2441
342,19,-27.8412,263.0789
343,19,-27.8220,262.9197
344,19,-27.7974,262.7666
345,19,-27.7673,262.6197
346,19,-27.7319,262.4791
347,19,-27.6913,262.3449
348,19,-27.6454,262.2172
349,19,-27.5944,262.0960
350,19,-27.5383,261.9816
351,19,-27.4773,261.8740
352,19,-27.4112,261.7732
353,19,-27.3404,261.6793
354,19,-27.2647,261.5924
355,19,-27.1843,261.5125
356,19,-27.0993,261.4397
357,19,-27.0097,261.3741
358,19,-26.9156,261.3157
359,19,-26.8171,261.2645
360,19,-26.7143,261.2205
361,19,-26.6073,261.1839
362,19,-26.4960,261.1545
363,19,-26.3807,261.1325
364,19,-26.2614,261.1179
365,19,-26.1381,261.1106
1,20,-37.3309,270.4073
2,20,-37.2000,270.4188
3,20,-37.0656,270.4387
4,20,-36.9277,270.4670
5,20,-36.7864,270.5035
6,20,-36.6419,270.5483
7,20,-36.4941,270.6013
8,20,-36.3432,270.6625
9,20,-36.1892,270.7318
10,20,-36.0322,270.8091
11,20,-35.8723,270.8944
12,20,-35.7097,270.9876
13,20,-35.5443,271.0887
14,20,-35.3762,271.1975
15,20,-35.2056,271.3140
16,20,-35.0325,271.4382
17,20,-34.8570,271.5698
18,20,-34.6791,271.7089
19,20,-34.4990,271.8553
20,20,-34.3167,272.0090
21,20,-34.1323,272.1698
22,20,-33.9458,272.3377
23,20,-33.7575,272.5126
24,20,-33.5672,272.6942
25,20,-33.3751,272.8827
26,20,-33.1813,273.0777
27,20,-32.9858,273.2793
28,20,-32.7887,273.4873
29,20,-32.5901,273.7016
30,20,-32.3900,273.9220
31,20,-32.1885,274.1486
32,20,-31.9857,274.3810
33,20,-31.7816,274.6194
34,20,-31.5764,274.8634
35,20,-31.3699,275.1130
36,20,-31.1624,275.3681
37,20,-30.9539,275.6285
38,20,-30.7444,275.8941
39,20,-30.5339,276.1648
40,20,-30.3227,276.4404
41,20,-30.1106,276.7209
42,20,-29.8977,277.0061
43,20,-29.6841,277.2959
44,20,-29.4699,277.5901
45,20,-29.2550,277.8886
46,20,-29.0395,278.1912
47,20,-28.8235,278.4979
48,20,-28.6070,278.8085
49,20,-28.3901,279.1229
50,20,-28.1727,279.4409
51,20,-27.9549,279.7624
52,20,-27.7367,280.0872
53,20,-27.5182,280.4153
54,20,-27.2994,280.7464
55,20,-27.0803,281.0805
56,20,-26.8609,281.4174
57,20,-26.6413,281.7569
58,20,-26.4215,282.0989
59,20,-26.2015,282.4434
60,20,-25.9813,282.7900
61,20,-25.7609,283.1387
62,20,-25.5404,283.4894
63,20,-25.3197,283.8419
64,20,-25.0989,284.1960
65,20,-24.8780,284.5517
66,20,-24.6569,284.9087
67,20,-24.4358,285.2669
68,20,-24.2146,285.6262
69,20,-23.9932,285.9865
70,20,-23.7718,286.3475
71,20,-23.5503,286.7092
72,20,-23.3287,287.0714
73,20,-23.1071,287.4339
74,20,-22.8853,287.7967
75,20,-22.6635,288.1595
76,20,-22.4417,288.5223
77,20,-22.2197,288.8849
78,20,-21.9977,289.2471
79,20,-21.7756,289.6088
80,20,-21.5535,289.9698
81,20,-21.3313,290.3301
82,20,-21.1090,290.6895
83,20,-20.8867,291.0478
84,20,-20.6643,291.4049
85,20,-20.4419,291.7607
86,20,-20.2194,292.1150
87,20,-19.9969,292.4678
88,20,-19.7744,292.8188
89,20,-19.5518,293.1680
90,20,-19.3292,293.5151
91,20,-19.1067,293.8602
92,20,-18.8841,294.2030
93,20,-18.6616,294.5434
94,20,-18.4391,294.8814
95,20,-18.2167,295.2168
96,20,-17.9943,295.5494
97,20,-17.7721,295.8792
98,20,-17.5499,296.2060
99,20,-17.3279,296.5297
100,20,-17.1061,296.8503
101,20,-16.8845,297.1676
102,20,-16.6631,297.4815
103,20,-16.4420,297.7919
104,20,-16.2212,298.0987
105,20,-16.0007,298.4018
106,20,-15.7806,298.7011
107,20,-15.5609,298.9966
108,20,-15.3417,299.2880
109,20,-15.1230,299.5754
110,20,-14.9048,299.8586
111,20,-14.6873,300.1376
112,20,-14.4704,300.4123
113,20,-14.2542,300.6826
114,20,-14.0387,300.9485
115,20,-13.8241,301.2098
116,20,-13.6104,301.4665
117,20,-13.3976,301.7185
118,20,-13.1858,301.9658
119,20,-12.9751,302.2083
120,20,-12.7656,302.4459
121,20,-12.5572,302.6786
122,20,-12.3502,302.9064
123,20,-12.1445,303.1292
124,20,-11.9402,303.3469
125,20,-11.7375,303.5595
126,20,-11.5363,303.7669
127,20,-11.3368,303.9692
128,20,-11.1390,304.1662
129,20,-10.9430,304.3580
130,20,-10.7490,304.5445
131,20,-10.5569,304.7257
132,20,-10.3669,304.9016
133,20,-10.1791,305.0721
134,20,-9.9935,305.2372
135,20,-9.8102,305.3969
136,20,-9.6293,305.5512
137,20,-9.4510,305.7000
138,20,-9.2752,305.8435
139,20,-9.1021,305.9814
140,20,-8.9318,306.1140
141,20,-8.7643,306.2410
142,20,-8.5998,306.3626
143,20,-8.4383,306.4787
144,20,-8.2798,306.5894
145,20,-8.1246,306.6946
146,20,-7.9727,306.7944
147,20,-7.8242,306.8888
148,20,-7.6791,306.9777
149,20,-7.5376,307.0612
150,20,-7.3996,307.1393
151,20,-7.2654,307.2120
152,20,-7.1350,307.2794
153,20,-7.0085,307.3414
154,20,-6.8859,307.3981
155,20,-6.7674,307.4495
156,20,-6.6530,307.4957
157,20,-6.5428,307.5366
158,20,-6.4368,307.5723
159,20,-6.3352,307.6029
160,20,-6.2380,307.6283
161,20,-6.1453,307.6486
162,20,-6.0571,307.6639
163,20,-5.9736,307.6741
164,20,-5.8948,307.6794
165,20,-5.8207,307.6797
166,20,-5.7515,307.6751
167,20,-5.6871,307.6658
168,20,-5.6277,307.6516
169,20,-5.5733,307.6327
170,20,-5.5239,307.6090
171,20,-5.4797,307.5808
172,20,-5.4406,307.5480
173,20,-5.4068,307.5107
174,20,-5.3782,307.4689
175,20,-5.3549,307.4227
176,20,-5.3370,307.3721
177,20,-5.3245,307.3173
178,20,-5.3174,307.2583
179,20,-5.3158,307.1952
180,20,-5.3197,307.1279
181,20,-5.3292,307.0567
182,20,-5.3442,306.9815
183,20,-5.3649,306.9024
184,20,-5.3912,306.8196
185,20,-5.4231,306.7330
186,20,-5.4607,306.6428
187,20,-5.5040,306.5490
188,20,-5.5531,306.4517
189,20,-5.6079,306.3510
190,20,-5.6684,306.2469
191,20,-5.7347,306.1396
192,20,-5.8067,306.0291
193,20,-5.8845,305.9154
194,20,-5.9681,305.7988
195,20,-6.0575,305.6791
196,20,-6.1526,305.5566
197,20,-6.2536,305.4313
198,20,-6.3602,305.3033
199,20,-6.4727,305.1726
200,20,-6.5908,305.0394
201,20,-6.7147,304.9036
202,20,-6.8443,304.7655
203,20,-6.9796,304.6250
204,20,-7.1206,304.4823
205,20,-7.2672,304.3373
206,20,-7.4194,304.1903
207,20,-7.5772,304.0412
208,20,-7.7406,303.8902
209,20,-7.9095,303.7372
210,20,-8.0839,303.5824
211,20,-8.2637,303.4259
212,20,-8.4489,303.2676
213,20,-8.6394,303.1077
214,20,-8.8353,302.9462
215,20,-9.0364,302.7832
216,20,-9.2427,302.6188
217,20,-9.4541,302.4529
218,20,-9.6706,302.2857
219,20,-9.8922,302.1171
220,20,-10.1187,301.9473
221,20,-10.3501,301.7763
222,20,-10.5863,301.6042
223,20,-10.8272,301.4309
224,20,-11.0728,301.2565
225,20,-11.3230,301.0810
226,20,-11.5777,300.9045
227,20,-11.8369,300.7270
228,20,-12.1004,300.5485
229,20,-12.3681,300.3691
230,20,-12.6400,300.1887
231,20,-12.9160,300.0074
232,20,-13.1959,299.8253
233,20,-13.4798,299.6422
234,20,-13.7674,299.4582
235,20,-14.0587,299.2733
236,20,-14.3535,299.0876
237,20,-14.6518,298.9010
238,20,-14.9535,298.7134
239,20,-15.2584,298.5250
240,20,-15.5664,298.3357
241,20,-15.8774,298.1454
242,20,-16.1914,297.9542
243,20,-16.5080,297.7621
244,20,-16.8274,297.5689
245,20,-17.1493,297.3748
246,20,-17.4735,297.1796
247,20,-17.8000,296.9833
248,20,-18.1287,296.7859
249,20,-18.4594,296.5874
250,20,-18.7919,296.3878
251,20,-19.1262,296.1869
252,20,-19.4621,295.9847
253,20,-19.7994,295.7813
254,20,-20.1381,295.5765
255,20,-20.4779,295.3703
256,20,-20.8188,295.1628
257,20,-21.1606,294.9537
258,20,-21.5031,294.7431
259,20,-21.8462,294.5309
260,20,-22.1897,294.3171
261,20,-22.5336,294.1016
262,20,-22.8776,293.8844
263,20,-23.2216,293.6654
264,20,-23.5655,293.4445
265,20,-23.9091,293.2218
266,20,-24.2522,292.9971
267,20,-24.5947,292.7705
268,20,-24.9364,292.5419
269,20,-25.2773,292.3111
270,20,-25.6170,292.0783
271,20,-25.9556,291.8433
272,20,-26.2927,291.6061
273,20,-26.6284,291.3666
274,20,-26.9623,291.1249
275,20,-27.2944,290.8809
276,20,-27.6245,290.6346
277,20,-27.9524,290.3859
278,20,-28.2781,290.1348
279,20,-28.6013,289.8814
280,20,-28.9219,289.6255
281,20,-29.2397,289.3672
282,20,-29.5547,289.1065
283,20,-29.8666,288.8434
284,20,-30.1752,288.5779
285,20,-30.4806,288.3100
286,20,-30.7825,288.0397
287,20,-31.0807,287.7671
288,20,-31.3752,287.4922
289,20,-31.6658,287.2149
290,20,-31.9524,286.9355
291,20,-32.2348,286.6538
292,20,-32.5129,286.3700
293,20,-32.7865,286.0841
294,20,-33.0557,285.7963
295,20,-33.3201,285.5065
296,20,-33.5798,285.2149
297,20,-33.8346,284.9215
298,20,-34.0843,284.6265
299,20,-34.3290,284.3300
300,20,-34.5684,284.0320
301,20,-34.8025,283.7328
302,20,-35.0312,283.4324
303,20,-35.2544,283.1310
304,20,-35.4720,282.8286
305,20,-35.6839,282.5256
306,20,-35.8900,282.2220
307,20,-36.0903,281.9180
308,20,-36.2847,281.6137
309,20,-36.4731,281.3094
310,20,-36.6555,281.0052
311,20,-36.8318,280.7013
312,20,-37.0020,280.3980
313,20,-37.1660,280.0953
314,20,-37.3237,279.7935
315,20,-37.4752,279.4929
316,20,-37.6204,279.1936
317,20,-37.7592,278.8959
318,20,-37.8917,278.5999
319,20,-38.0179,278.3059
320,20,-38.1377,278.0141
321,20,-38.2510,277.7247
322,20,-38.3580,277.4381
323,20,-38.4586,277.1543
324,20,-38.5529,276.8736
325,20,-38.6407,276.5963
326,20,-38.7222,276.3225
327,20,-38.7974,276.0525
328,20,-38.8662,275.7866
329,20,-38.9288,275.5249
330,20,-38.9851,275.2677
331,20,-39.0351,275.0151
332,20,-39.0790,274.7675
333,20,-39.1168,274.5249
334,20,-39.1484,274.2877
335,20,-39.1740,274.0559
336,20,-39.1936,273.8299
337,20,-39.2073,273.6097
338,20,-39.2150,273.3957
339,20,-39.2170,273.1879
340,20,-39.2132,272.9865
341,20,-39.2036,272.7918
342,20,-39.1885,272.6037
343,20,-39.1678,272.4226
344,20,-39.1415,272.2486
345,20,-39.1099,272.0818
346,20,-39.0729,271.9223
347,20,-39.0306,271.7702
348,20,-38.9831,271.6257
349,20,-38.9305,271.4889
350,20,-38.8729,271.3599
351,20,-38.8103,271.2387
352,20,-38.7428,271.1255
353,20,-38.6705,271.0204
354,20,-38.5934,270.9233
355,20,-38.5118,270.8345
356,20,-38.4255,270.7538
357,20,-38.3348,270.6815
358,20,-38.2397,270.6174
359,20,-38.1403,270.5617
360,20,-38.0367,270.5144
361,20,-37.9289,270.4755
362,20,-37.8171,270.4450
363,20,-37.7013,270.4230
364,20,-37.5816,270.4093
365,20,-37.4581,270.4041
1,21,-48.6230,281.3071
2,21,-48.4918,281.3159
3,21,-48.3569,281.3347
4,21,-48.2183,281.3632
5,21,-48.0761,281.4016
6,21,-47.9304,281.4496
7,21,-47.7814,281.5073
8,21,-47.6290,281.5744
9,21,-47.4733,281.6511
10,21,-47.3145,281.7370
11,21,-47.1526,281.8322
12,21,-46.9876,281.9366
13,21,-46.8197,282.0499
14,21,-46.6489,282.1721
15,21,-46.4754,282.3031
16,21,-46.2991,282.4428
17,21,-46.1201,282.5910
18,21,-45.9385,282.7475
19,21,-45.7544,282.9123
20,21,-45.5679,283.0853
21,21,-45.3789,283.2661
22,21,-45.1876,283.4548
23,21,-44.9941,283.6512
24,21,-44.7984,283.8551
25,21,-44.6005,284.0664
26,21,-44.4005,284.2849
27,21,-44.1986,284.5104
28,21,-43.9947,284.7429
29,21,-43.7888,284.9821
30,21,-43.5812,285.2280
31,21,-43.3717,285.4802
32,21,-43.1605,285.7388
33,21,-42.9477,286.0034
34,21,-42.7332,286.2740
35,21,-42.5171,286.5504
36,21,-42.2995,286.8324
37,21,-42.0805,287.1199
38,21,-41.8600,287.4127
39,21,-41.6381,287.7106
40,21,-41.4149,288.0135
41,21,-41.1904,288.3212
42,21,-40.9646,288.6335
43,21,-40.7376,288.9504
44,21,-40.5094,289.2715
45,21,-40.2801,289.5968
46,21,-40.0497,289.9260
47,21,-39.8182,290.2591
48,21,-39.5857,290.5958
49,21,-39.3522,290.9360
50,21,-39.1178,291.2796
51,21,-38.8824,291.6263
52,21,-38.6460,291.9760
53,21,-38.4088,292.3285
54,21,-38.1708,292.6836
55,21,-37.9319,293.0413
56,21,-37.6922,293.4013
57,21,-37.4517,293.7635
58,21,-37.2105,294.1276
59,21,-36.9685,294.4936
60,21,-36.7258,294.8613
61,21,-36.4824,295.2305
62,21,-36.2383,295.6011
63,21,-35.9936,295.9728
64,21,-35.7482,296.3456
65,21,-35.5021,296.7192
66,21,-35.2555,297.0936
67,21,-35.0082,297.4685
68,21,-34.7604,297.8438
69,21,-34.5120,298.2193
70,21,-34.2631,298.5949
71,21,-34.0136,298.9704
72,21,-33.7636,299.3456
73,21,-33.5131,299.7205
74,21,-33.2620,300.0948
75,21,-33.0106,300.4685
76,21,-32.7586,300.8413
77,21,-32.5062,301.2131
78,21,-32.2534,301.5837
79,21,-32.0001,301.9530
80,21,-31.7465,302.3210
81,21,-31.4925,302.6873
82,21,-31.2382,303.0519
83,21,-30.9835,303.4146
84,21,-30.7285,303.7754
85,21,-30.4732,304.1340
86,21,-30.2177,304.4903
87,21,-29.9619,304.8443
88,21,-29.7059,305.1957
89,21,-29.4498,305.5444
90,21,-29.1935,305.8904
91,21,-28.9371,306.2334
92,21,-28.6806,306.5734
93,21,-28.4240,306.9103
94,21,-28.1675,307.2439
95,21,-27.9110,307.5742
96,21,-27.6546,307.9009
97,21,-27.3982,308.2241
98,21,-27.1421,308.5436
99,21,-26.8861,308.8593
100,21,-26.6304,309.1711
101,21,-26.3750,309.4789
102,21,-26.1200,309.7826
103,21,-25.8654,310.0822
104,21,-25.6112,310.3775
105,21,-25.3576,310.6685
106,21,-25.1046,310.9551
107,21,-24.8522,311.2372
108,21,-24.6005,311.5147
109,21,-24.3496,311.7876
110,21,-24.0996,312.0558
111,21,-23.8504,312.3192
112,21,-23.6023,312.5778
113,21,-23.3552,312.8315
114,21,-23.1093,313.0803
115,21,-22.8645,313.3241
116,21,-22.6211,313.5629
117,21,-22.3790,313.7966
118,21,-22.1384,314.0252
119,21,-21.8993,314.2487
120,21,-21.6618,314.4669
121,21,-21.4260,314.6800
122,21,-21.1920,314.8878
123,21,-20.9599,315.0903
124,21,-20.7298,315.2875
125,21,-20.5017,315.4794
126,21,-20.2757,315.6660
127,21,-20.0519,315.8472
128,21,-19.8305,316.0231
129,21,-19.6115,316.1936
130,21,-19.3950,316.3587
131,21,-19.1811,316.5185
132,21,-18.9699,316.6728
133,21,-18.7615,316.8218
134,21,-18.5559,316.9654
135,21,-18.3533,317.1037
136,21,-18.1538,317.2366
137,21,-17.9575,317.3641
138,21,-17.7643,317.4863
139,21,-17.5746,317.6032
140,21,-17.3882,317.7148
141,21,-17.2054,317.8210
142,21,-17.0263,317.9221
143,21,-16.8508,318.0179
144,21,-16.6791,318.1084
145,21,-16.5113,318.1938
146,21,-16.3475,318.2740
147,21,-16.1878,318.3491
148,21,-16.0322,318.4191
149,21,-15.8808,318.4840
150,21,-15.7338,318.5439
151,21,-15.5912,318.5988
152,21,-15.4530,318.6487
153,21,-15.3194,318.6937
154,21,-15.1905,318.7339
155,21,-15.0662,318.7692
156,21,-14.9468,318.7997
157,21,-14.8323,318.8255
158,21,-14.7226,318.8466
159,21,-14.6180,318.8631
160,21,-14.5185,318.8749
161,21,-14.4241,318.8822
162,21,-14.3349,318.8851
163,21,-14.2510,318.8834
164,21,-14.1724,318.8774
165,21,-14.0992,318.8671
166,21,-14.0315,318.8525
167,21,-13.9693,318.8337
168,21,-13.9126,318.8107
169,21,-13.8615,318.7836
170,21,-13.8161,318.7525
171,21,-13.7763,318.7174
172,21,-13.7424,318.6785
173,21,-13.7141,318.6356
174,21,-13.6918,318.5890
175,21,-13.6752,318.5387
176,21,-13.6646,318.4848
177,21,-13.6599,318.4272
178,21,-13.6611,318.3662
179,21,-13.6683,318.3017
180,21,-13.6815,318.2338
181,21,-13.7008,318.1627
182,21,-13.7261,318.0883
183,21,-13.7574,318.0108
184,21,-13.7949,317.9301
185,21,-13.8384,317.8465
186,21,-13.8880,317.7599
187,21,-13.9437,317.6705
188,21,-14.0056,317.5783
189,21,-14.0736,317.4833
190,21,-14.1477,317.3858
191,21,-14.2279,317.2856
192,21,-14.3142,317.1830
193,21,-14.4066,317.0779
194,21,-14.5051,316.9705
195,21,-14.6097,316.8608
196,21,-14.7204,316.7489
197,21,-14.8371,316.6349
198,21,-14.9599,316.5188
199,21,-15.0886,316.4007
200,21,-15.2234,316.2807
201,21,-15.3641,316.1589
202,21,-15.5108,316.0353
203,21,-15.6633,315.9100
204,21,-15.8218,315.7831
205,21,-15.9860,315.6545
206,21,-16.1561,315.5245
207,21,-16.3319,315.3930
208,21,-16.5134,315.2601
209,21,-16.7006,315.1259
210,21,-16.8935,314.9904
211,21,-17.0918,314.8537
212,21,-17.2957,314.7158
213,21,-17.5051,314.5769
214,21,-17.7199,314.4368
215,21,-17.9400,314.2958
216,21,-18.1653,314.1538
217,21,-18.3960,314.0108
218,21,-18.6317,313.8670
219,21,-18.8725,313.7223
220,21,-19.1184,313.5768
221,21,-19.3692,313.4305
222,21,-19.6248,313.2835
223,21,-19.8853,313.1357
224,21,-20.1504,312.9873
225,21,-20.4201,312.8381
226,21,-20.6944,312.6883
227,21,-20.9732,312.5379
228,21,-21.2563,312.3868
229,21,-21.5436,312.2350
230,21,-21.8352,312.0826
231,21,-22.1308,311.9296
232,21,-22.4304,311.7760
233,21,-22.7339,311.6218
234,21,-23.0412,311.4668
235,21,-23.3521,311.3113
236,21,-23.6666,311.1550
237,21,-23.9846,310.9981
238,21,-24.3059,310.8404
239,21,-24.6305,310.6820
240,21,-24.9582,310.5228
241,21,-25.2890,310.3627
242,21,-25.6226,310.2019
243,21,-25.9590,310.0401
244,21,-26.2981,309.8775
245,21,-26.6397,309.7138
246,21,-26.9837,309.5491
247,21,-27.3300,309.3833
248,21,-27.6784,309.2164
249,21,-28.0289,309.0483
250,21,-28.3813,308.8790
251,21,-28.7354,308.7083
252,21,-29.0912,308.5362
253,21,-29.4485,308.3626
254,21,-29.8071,308.1876
255,21,-30.1670,308.0109
256,21,-30.5279,307.8325
257,21,-30.8898,307.6524
258,21,-31.2525,307.4704
259,21,-31.6158,307.2865
260,21,-31.9797,307.1006
261,21,-32.3439,306.9126
262,21,-32.7084,306.7224
263,21,-33.0729,306.5300
264,21,-33.4373,306.3352
265,21,-33.8015,306.1380
266,21,-34.1653,305.9383
267,21,-34.5286,305.7360
268,21,-34.8912,305.5309
269,21,-35.2530,305.3231
270,21,-35.6138,305.1125
271,21,-35.9735,304.8989
272,21,-36.3318,304.6822
273,21,-36.6887,304.4625
274,21,-37.0440,304.2396
275,21,-37.3976,304.0135
276,21,-37.7492,303.7840
277,21,-38.0987,303.5511
278,21,-38.4460,303.3148
279,21,-38.7910,303.0750
280,21,-39.1334,302.8316
281,21,-39.4730,302.5846
282,21,-39.8099,302.3339
283,21,-40.1437,302.0796
284,21,-40.4744,301.8215
285,21,-40.8018,301.5596
286,21,-41.1257,301.2940
287,21,-41.4460,301.0246
288,21,-41.7626,300.7514
289,21,-42.0752,300.4745
290,21,-42.3838,300.1937
291,21,-42.6882,299.9092
292,21,-42.9883,299.6210
293,21,-43.2839,299.3291
294,21,-43.5749,299.0336
295,21,-43.8611,298.7345
296,21,-44.1425,298.4319
297,21,-44.4189,298.1259
298,21,-44.6901,297.8166
299,21,-44.9561,297.5040
300,21,-45.2167,297.1883
301,21,-45.4718,296.8696
302,21,-45.7213,296.5481
303,21,-45.9652,296.2239
304,21,-46.2032,295.8971
305,21,-46.4352,295.5679
306,21,-46.6613,295.2366
307,21,-46.8813,294.9032
308,21,-47.0951,294.5680
309,21,-47.3027,294.2313
310,21,-47.5039,293.8932
311,21,-47.6987,293.5539
312,21,-47.8870,293.2138
313,21,-48.0687,292.8730
314,21,-48.2439,292.5319
315,21,-48.4125,292.1907
316,21,-48.5744,291.8497
317,21,-48.7295,291.5091
318,21,-48.8779,291.1693
319,21,-49.0195,290.8306
320,21,-49.1543,290.4932
321,21,-49.2823,290.1575
322,21,-49.4035,289.8238
323,21,-49.5179,289.4924
324,21,-49.6254,289.1636
325,21,-49.7261,288.8378
326,21,-49.8200,288.5153
327,21,-49.9071,288.1963
328,21,-49.9875,287.8812
329,21,-50.0611,287.5704
330,21,-50.1280,287.2641
331,21,-50.1883,286.9626
332,21,-50.2419,286.6663
333,21,-50.2890,286.3755
334,21,-50.3295,286.0904
335,21,-50.3635,285.8114
336,21,-50.3912,285.5387
337,21,-50.4124,285.2727
338,21,-50.4274,285.0135
339,21,-50.4362,284.7614
340,21,-50.4389,284.5167
341,21,-50.4354,284.2797
342,21,-50.4260,284.0505
343,21,-50.4106,283.8294
344,21,-50.3894,283.6166
345,21,-50.3625,283.4122
346,21,-50.3299,283.2166
347,21,-50.2917,283.0298
348,21,-50.2480,282.8519
349,21,-50.1989,282.6833
350,21,-50.1445,282.5239
351,21,-50.0848,282.3740
352,21,-50.0200,282.2336
353,21,-49.9501,282.1029
354,21,-49.8753,281.9819
355,21,-49.7956,281.8707
356,21,-49.7111,281.7694
357,21,-49.6220,281.6780
358,21,-49.5282,281.5966
359,21,-49.4299,281.5252
360,21,-49.3272,281.4639
361,21,-49.2202,281.4127
362,21,-49.1089,281.3715
363,21,-48.9935,281.3403
364,21,-48.8740,281.3192
365,21,-48.7505,281.3082
1,22,-59.3859,296.1621
2,22,-59.2546,296.1463
3,22,-59.1190,296.1426
4,22,-58.9789,296.1510
5,22,-58.8347,296.1713
6,22,-58.6862,296.2034
7,22,-58.5337,296.2472
8,22,-58.3772,296.3026
9,22,-58.2168,296.3693
10,22,-58.0525,296.4473
11,22,-57.8844,296.5364
12,22,-57.7127,296.6364
13,22,-57.5373,296.7472
14,22,-57.3584,296.8684
15,22,-57.1760,297.0000
16,22,-56.9902,297.1418
17,22,-56.8011,297.2935
18,22,-56.6087,297.4549
19,22,-56.4130,297.6259
20,22,-56.2143,297.8062
21,22,-56.0124,297.9956
22,22,-55.8076,298.1938
23,22,-55.5998,298.4008
24,22,-55.3890,298.6161
25,22,-55.1755,298.8397
26,22,-54.9592,299.0712
27,22,-54.7401,299.3105
28,22,-54.5184,299.5573
29,22,-54.2941,299.8115
30,22,-54.0673,300.0727
31,22,-53.8379,300.3408
32,22,-53.6061,300.6154
33,22,-53.3719,300.8965
34,22,-53.1354,301.1838
35,22,-52.8966,301.4770
36,22,-52.6555,301.7759
37,22,-52.4122,302.0804
38,22,-52.1668,302.3901
39,22,-51.9193,302.7049
40,22,-51.6698,303.0245
41,22,-51.4182,303.3488
42,22,-51.1647,303.6775
43,22,-50.9093,304.0103
44,22,-50.6520,304.3472
45,22,-50.3928,304.6879
46,22,-50.1319,305.0321
47,22,-49.8692,305.3796
48,22,-49.6049,305.7304
49,22,-49.3388,306.0840
50,22,-49.0712,306.4405
51,22,-48.8019,306.7995
52,22,-48.5311,307.1608
53,22,-48.2588,307.5243
54,22,-47.9850,307.8897
55,22,-47.7098,308.2569
56,22,-47.4332,308.6257
57,22,-47.1552,308.9959
58,22,-46.8759,309.3673
59,22,-46.5953,309.7396
60,22,-46.3135,310.1128
61,22,-46.0304,310.4867
62,22,-45.7461,310.8610
63,22,-45.4607,311.2356
64,22,-45.1742,311.6103
65,22,-44.8866,311.9850
66,22,-44.5980,312.3594
67,22,-44.3083,312.7334
68,22,-44.0177,313.1068
69,22,-43.7261,313.4795
70,22,-43.4336,313.8513
71,22,-43.1403,314.2220
72,22,-42.8461,314.5915
73,22,-42.5511,314.9596
74,22,-42.2554,315.3262
75,22,-41.9590,315.6911
76,22,-41.6619,316.0542
77,22,-41.3642,316.4152
78,22,-41.0659,316.7742
79,22,-40.7670,317.1309
80,22,-40.4676,317.4852
81,22,-40.1678,317.8369
82,22,-39.8676,318.1860
83,22,-39.5670,318.5322
84,22,-39.2661,318.8756
85,22,-38.9649,319.2159
86,22,-38.6635,319.5530
87,22,-38.3619,319.8868
88,22,-38.0602,320.2172
89,22,-37.7585,320.5441
90,22,-37.4567,320.8673
91,22,-37.1551,321.1869
92,22,-36.8535,321.5026
93,22,-36.5521,321.8144
94,22,-36.2509,322.1221
95,22,-35.9501,322.4258
96,22,-35.6496,322.7252
97,22,-35.3496,323.0204
98,22,-35.0500,323.3112
99,22,-34.7510,323.5975
100,22,-34.4527,323.8794
101,22,-34.1551,324.1566
102,22,-33.8583,324.4292
103,22,-33.5623,324.6971
104,22,-33.2673,324.9603
105,22,-32.9733,325.2186
106,22,-32.6804,325.4720
107,22,-32.3887,325.7205
108,22,-32.0982,325.9640
109,22,-31.8091,326.2026
110,22,-31.5215,326.4361
111,22,-31.2353,326.6644
112,22,-30.9508,326.8877
113,22,-30.6679,327.1059
114,22,-30.3868,327.3188
115,22,-30.1077,327.5266
116,22,-29.8304,327.7292
117,22,-29.5552,327.9266
118,22,-29.2822,328.1187
119,22,-29.0114,328.3056
120,22,-28.7430,328.4873
121,22,-28.4770,328.6637
122,22,-28.2135,328.8349
123,22,-27.9526,329.0008
124,22,-27.6945,329.1615
125,22,-27.4392,329.3169
126,22,-27.1867,329.4672
127,22,-26.9373,329.6122
128,22,-26.6910,329.7521
129,22,-26.4479,329.8868
130,22,-26.2081,330.0163
131,22,-25.9717,330.1408
132,22,-25.7387,330.2601
133,22,-25.5094,330.3743
134,22,-25.2837,330.4836
135,22,-25.0618,330.5878
136,22,-24.8438,330.6870
137,22,-24.6297,330.7813
138,22,-24.4197,330.8707
139,22,-24.2139,330.9552
140,22,-24.0122,331.0349
141,22,-23.8149,331.1098
142,22,-23.6220,331.1800
143,22,-23.4337,331.2455
144,22,-23.2499,331.3064
145,22,-23.0708,331.3626
146,22,-22.8964,331.4143
147,22,-22.7269,331.4615
148,22,-22.5623,331.5043
149,22,-22.4027,331.5426
150,22,-22.2482,331.5767
151,22,-22.0988,331.6064
152,22,-21.9547,331.6319
153,22,-21.8159,331.6533
154,22,-21.6825,331.6705
155,22,-21.5545,331.6836
156,22,-21.4320,331.6928
157,22,-21.3151,331.6981
158,22,-21.2038,331.6994
159,22,-21.0983,331.6970
160,22,-20.9985,331.6908
161,22,-20.9045,331.6809
162,22,-20.8164,331.6674
163,22,-20.7342,331.6504
164,22,-20.6580,331.6298
165,22,-20.5879,331.6059
166,22,-20.5238,331.5785
167,22,-20.4658,331.5479
168,22,-20.4139,331.5141
169,22,-20.3683,331.4771
170,22,-20.3289,331.4370
171,22,-20.2958,331.3939
172,22,-20.2689,331.3479
173,22,-20.2484,331.2990
174,22,-20.2343,331.2473
175,22,-20.2265,331.1929
176,22,-20.2251,331.1358
177,22,-20.2301,331.0761
178,22,-20.2416,331.0139
179,22,-20.2595,330.9492
180,22,-20.2839,330.8822
181,22,-20.3147,330.8129
182,22,-20.3521,330.7414
183,22,-20.3959,330.6677
184,22,-20.4462,330.5919
185,22,-20.5029,330.5142
186,22,-20.5662,330.4345
187,22,-20.6359,330.3529
188,22,-20.7121,330.2696
189,22,-20.7948,330.1845
190,22,-20.8839,330.0978
191,22,-20.9794,330.0096
192,22,-21.0814,329.9198
193,22,-21.1897,329.8286
194,22,-21.3044,329.7361
195,22,-21.4255,329.6423
196,22,-21.5528,329.5473
197,22,-21.6865,329.4512
198,22,-21.8264,329.3539
199,22,-21.9726,329.2557
200,22,-22.1249,329.1566
201,22,-22.2834,329.0565
202,22,-22.4480,328.9557
203,22,-22.6187,328.8541
204,22,-22.7954,328.7518
205,22,-22.9781,328.6489
206,22,-23.1667,328.5455
207,22,-23.3612,328.4415
208,22,-23.5615,328.3371
209,22,-23.7676,328.2323
210,22,-23.9794,328.1272
211,22,-24.1968,328.0217
212,22,-24.4198,327.9160
213,22,-24.6484,327.8102
214,22,-24.8825,327.7041
215,22,-25.1219,327.5980
216,22,-25.3666,327.4918
217,22,-25.6167,327.3855
218,22,-25.8719,327.2792
219,22,-26.1322,327.1730
220,22,-26.3975,327.0668
221,22,-26.6678,326.9607
222,22,-26.9430,326.8547
223,22,-27.2230,326.7488
224,22,-27.5076,326.6431
225,22,-27.7969,326.5375
226,22,-28.0908,326.4320
227,22,-28.3891,326.3268
228,22,-28.6917,326.2217
229,22,-28.9986,326.1167
230,22,-29.3097,326.0119
231,22,-29.6249,325.9073
232,22,-29.9440,325.8028
233,22,-30.2670,325.6985
234,22,-30.5938,325.5942
235,22,-30.9243,325.4901
236,22,-31.2584,325.3860
237,22,-31.5959,325.2819
238,22,-31.9369,325.1778
239,22,-32.2810,325.0737
240,22,-32.6284,324.9694
241,22,-32.9787,324.8651
242,22,-33.3320,324.7605
243,22,-33.6881,324.6557
244,22,-34.0470,324.5506
245,22,-34.4084,324.4451
246,22,-34.7723,324.3392
247,22,-35.1385,324.2327
248,22,-35.5070,324.1257
249,22,-35.8776,324.0180
250,22,-36.2502,323.9096
251,22,-36.6247,323.8003
252,22,-37.0009,323.6902
253,22,-37.3788,323.5789
254,22,-37.7581,323.4666
255,22,-38.1388,323.3531
256,22,-38.5208,323.2382
257,22,-38.9039,323.1219
258,22,-39.2879,323.0040
259,22,-39.6728,322.8845
260,22,-40.0585,322.7631
261,22,-40.4447,322.6399
262,22,-40.8313,322.5147
263,22,-41.2183,322.3872
264,22,-41.6055,322.2575
265,22,-41.9927,322.1254
266,22,-42.3798,321.9907
267,22,-42.7666,321.8534
268,22,-43.1531,321.7132
269,22,-43.5391,321.5700
270,22,-43.9244,321.4237
271,22,-44.3089,321.2742
272,22,-44.6924,321.1212
273,22,-45.0748,320.9648
274,22,-45.4560,320.8046
275,22,-45.8358,320.6407
276,22,-46.2141,320.4728
277,22,-46.5907,320.3007
278,22,-46.9654,320.1245
279,22,-47.3382,319.9438
280,22,-47.7088,319.7587
281,22,-48.0772,319.5689
282,22,-48.4431,319.3743
283,22,-48.8064,319.1748
284,22,-49.1670,318.9703
285,22,-49.5247,318.7607
286,22,-49.8793,318.5458
287,22,-50.2308,318.3256
288,22,-50.5789,318.1000
289,22,-50.9235,317.8687
290,22,-51.2644,317.6319
291,22,-51.6016,317.3894
292,22,-51.9348,317.1411
293,22,-52.2639,316.8870
294,22,-52.5887,316.6270
295,22,-52.9091,316.3612
296,22,-53.2250,316.0894
297,22,-53.5362,315.8117
298,22,-53.8426,315.5280
299,22,-54.1440,315.2385
300,22,-54.4402,314.9430
301,22,-54.7312,314.6418
302,22,-55.0168,314.3347
303,22,-55.2969,314.0220
304,22,-55.5713,313.7037
305,22,-55.8399,313.3799
306,22,-56.1026,313.0507
307,22,-56.3593,312.7163
308,22,-56.6098,312.3769
309,22,-56.8540,312.0326
310,22,-57.0919,311.6837
311,22,-57.3233,311.3304
312,22,-57.5480,310.9728
313,22,-57.7662,310.6114
314,22,-57.9775,310.2463
315,22,-58.1820,309.8778
316,22,-58.3796,309.5063
317,22,-58.5701,309.1322
318,22,-58.7536,308.7557
319,22,-58.9299,308.3772
320,22,-59.0991,307.9972
321,22,-59.2609,307.6159
322,22,-59.4155,307.2340
323,22,-59.5628,306.8516
324,22,-59.7027,306.4694
325,22,-59.8353,306.0877
326,22,-59.9604,305.7070
327,22,-60.0782,305.3278
328,22,-60.1885,304.9506
329,22,-60.2914,304.5758
330,22,-60.3870,304.2039
331,22,-60.4751,303.8354
332,22,-60.5559,303.4707
333,22,-60.6294,303.1104
334,22,-60.6956,302.7550
335,22,-60.7545,302.4049
336,22,-60.8062,302.0606
337,22,-60.8508,301.7225
338,22,-60.8882,301.3911
339,22,-60.9187,301.0668
340,22,-60.9421,300.7501
341,22,-60.9587,300.4414
342,22,-60.9684,300.1410
343,22,-60.9714,299.8494
344,22,-60.9677,299.5670
345,22,-60.9574,299.2940
346,22,-60.9406,299.0308
347,22,-60.9174,298.7778
348,22,-60.8879,298.5352
349,22,-60.8521,298.3032
350,22,-60.8103,298.0822
351,22,-60.7624,297.8724
352,22,-60.7085,297.6740
353,22,-60.6488,297.4871
354,22,-60.5834,297.3121
355,22,-60.5123,297.1489
356,22,-60.4357,296.9977
357,22,-60.3537,296.8587
358,22,-60.2662,296.7319
359,22,-60.1736,296.6174
360,22,-60.0758,296.5152
361,22,-59.9729,296.4254
362,22,-59.8650,296.3480
363,22,-59.7523,296.2830
364,22,-59.6349,296.2304
365,22,-59.5127,296.1901
1,23,-68.3763,320.4113
2,23,-68.2521,320.2932
3,23,-68.1218,320.1891
4,23,-67.9856,320.0989
5,23,-67.8437,320.0225
6,23,-67.6960,319.9600
7,23,-67.5427,319.9112
8,23,-67.3839,319.8759
9,23,-67.2197,319.8541
10,23,-67.0501,319.8455
11,23,-66.8753,319.8499
12,23,-66.6954,319.8672
13,23,-66.5105,319.8972
14,23,-66.3206,319.9395
15,23,-66.1258,319.9940
16,23,-65.9262,320.0603
17,23,-65.7220,320.1383
18,23,-65.5132,320.2276
19,23,-65.2998,320.3280
20,23,-65.0820,320.4391
21,23,-64.8599,320.5607
22,23,-64.6335,320.6925
23,23,-64.4029,320.8342
24,23,-64.1682,320.9855
25,23,-63.9295,321.1460
26,23,-63.6869,321.3155
27,23,-63.4403,321.4937
28,23,-63.1900,321.6802
29,23,-62.9360,321.8748
30,23,-62.6783,322.0772
31,23,-62.4171,322.2869
32,23,-62.1523,322.5039
33,23,-61.8842,322.7276
34,23,-61.6127,322.9580
35,23,-61.3379,323.1946
36,23,-61.0600,323.4372
37,23,-60.7789,323.6855
38,23,-60.4947,323.9393
39,23,-60.2076,324.1982
40,23,-59.9175,324.4620
41,23,-59.6246,324.7303
42,23,-59.3289,325.0031
43,23,-59.0305,325.2799
44,23,-58.7294,325.5606
45,23,-58.4258,325.8448
46,23,-58.1197,326.1324
47,23,-57.8111,326.4232
48,23,-57.5001,326.7167
49,23,-57.1868,327.0129
50,23,-56.8713,327.3115
51,23,-56.5536,327.6123
52,23,-56.2337,327.9150
53,23,-55.9118,328.2195
54,23,-55.5880,328.5255
55,23,-55.2622,328.8328
56,23,-54.9345,329.1413
57,23,-54.6051,329.4506
58,23,-54.2739,329.7607
59,23,-53.9411,330.0713
60,23,-53.6066,330.3822
61,23,-53.2706,330.6933
62,23,-52.9332,331.0043
63,23,-52.5943,331.3151
64,23,-52.2541,331.6256
65,23,-51.9126,331.9354
66,23,-51.5699,332.2446
67,23,-51.2260,332.5528
68,23,-50.8811,332.8600
69,23,-50.5351,333.1660
70,23,-50.1882,333.4706
71,23,-49.8404,333.7737
72,23,-49.4918,334.0751
73,23,-49.1424,334.3747
74,23,-48.7923,334.6724
75,23,-48.4416,334.9680
76,23,-48.0904,335.2614
77,23,-47.7387,335.5524
78,23,-47.3866,335.8410
79,23,-47.0341,336.1270
80,23,-46.6814,336.4102
81,23,-46.3284,336.6906
82,23,-45.9754,336.9681
83,23,-45.6223,337.2426
84,23,-45.2692,337.5139
85,23,-44.9162,337.7819
86,23,-44.5634,338.0466
87,23,-44.2109,338.3078
88,23,-43.8587,338.5655
89,23,-43.5069,338.8196
90,23,-43.1556,339.0700
91,23,-42.8048,339.3166
92,23,-42.4547,339.5593
93,23,-42.1054,339.7981
94,23,-41.7568,340.0330
95,23,-41.4092,340.2637
96,23,-41.0625,340.4903
97,23,-40.7170,340.7128
98,23,-40.3725,340.9310
99,23,-40.0293,341.1449
100,23,-39.6875,341.3545
101,23,-39.3471,341.5597
102,23,-39.0081,341.7605
103,23,-38.6708,341.9568
104,23,-38.3352,342.1487
105,23,-38.0013,342.3360
106,23,-37.6693,342.5188
107,23,-37.3393,342.6970
108,23,-37.0114,342.8707
109,23,-36.6856,343.0398
110,23,-36.3621,343.2042
111,23,-36.0408,343.3640
112,23,-35.7221,343.5193
113,23,-35.4059,343.6698
114,23,-35.0922,343.8158
115,23,-34.7814,343.9571
116,23,-34.4733,344.0938
117,23,-34.1682,344.2259
118,23,-33.8661,344.3534
119,23,-33.5670,344.4763
120,23,-33.2712,344.5946
121,23,-32.9787,344.7084
122,23,-32.6896,344.8176
123,23,-32.4040,344.9224
124,23,-32.1220,345.0226
125,23,-31.8437,345.1185
126,23,-31.5691,345.2099
127,23,-31.2984,345.2969
128,23,-31.0317,345.3796
129,23,-30.7691,345.4579
130,23,-30.5106,345.5320
131,23,-30.2563,345.6019
132,23,-30.0064,345.6676
133,23,-29.7610,345.7291
134,23,-29.5200,345.7866
135,23,-29.2836,345.8400
136,23,-29.0520,345.8894
137,23,-28.8251,345.9349
138,23,-28.6031,345.9765
139,23,-28.3861,346.0143
140,23,-28.1740,346.0483
141,23,-27.9671,346.0785
142,23,-27.7654,346.1051
143,23,-27.5690,346.1281
144,23,-27.3779,346.1476
145,23,-27.1922,346.1635
146,23,-27.0121,346.1761
147,23,-26.8375,346.1853
148,23,-26.6686,346.1912
149,23,-26.5053,346.1938
150,23,-26.3479,346.1933
151,23,-26.1963,346.1898
152,23,-26.0506,346.1831
153,23,-25.9109,346.1736
154,23,-25.7772,346.1611
155,23,-25.6496,346.1458
156,23,-25.5282,346.1278
157,23,-25.4129,346.1070
158,23,-25.3039,346.0837
159,23,-25.2012,346.0578
160,23,-25.1049,346.0294
161,23,-25.0149,345.9986
162,23,-24.9313,345.9655
163,23,-24.8543,345.9302
164,23,-24.7837,345.8926
165,23,-24.7196,345.8530
166,23,-24.6622,345.8112
167,23,-24.6113,345.7676
168,23,-24.5671,345.7220
169,23,-24.5295,345.6746
170,23,-24.4986,345.6255
171,23,-24.4744,345.5747
172,23,-24.4570,345.5223
173,23,-24.4462,345.4684
174,23,-24.4422,345.4130
175,23,-24.4450,345.3562
176,23,-24.4545,345.2982
177,23,-24.4708,345.2389
178,23,-24.4938,345.1785
179,23,-24.5236,345.1170
180,23,-24.5602,345.0545
181,23,-24.6036,344.9911
182,23,-24.6537,344.9268
183,23,-24.7106,344.8618
184,23,-24.7742,344.7961
185,23,-24.8445,344.7297
186,23,-24.9215,344.6628
187,23,-25.0052,344.5954
188,23,-25.0956,344.5276
189,23,-25.1926,344.4595
190,23,-25.2962,344.3911
191,23,-25.4064,344.3226
192,23,-25.5231,344.2539
193,23,-25.6464,344.1852
194,23,-25.7762,344.1165
195,23,-25.9124,344.0480
196,23,-26.0550,343.9796
197,23,-26.2039,343.9115
198,23,-26.3592,343.8436
199,23,-26.5208,343.7762
200,23,-26.6886,343.7092
201,23,-26.8625,343.6428
202,23,-27.0426,343.5769
203,23,-27.2288,343.5117
204,23,-27.4210,343.4471
205,23,-27.6191,343.3834
206,23,-27.8231,343.3205
207,23,-28.0330,343.2585
208,23,-28.2486,343.1974
209,23,-28.4699,343.1373
210,23,-28.6969,343.0783
211,23,-28.9295,343.0204
212,23,-29.1675,342.9637
213,23,-29.4110,342.9081
214,23,-29.6598,342.8539
215,23,-29.9139,342.8009
216,23,-30.1733,342.7493
217,23,-30.4377,342.6990
218,23,-30.7072,342.6502
219,23,-30.9817,342.6028
220,23,-31.2610,342.5569
221,23,-31.5452,342.5125
222,23,-31.8341,342.4697
223,23,-32.1276,342.4285
224,23,-32.4257,342.3888
225,23,-32.7282,342.3507
226,23,-33.0351,342.3143
227,23,-33.3463,342.2794
228,23,-33.6616,342.2463
229,23,-33.9811,342.2147
230,23,-34.3046,342.1848
231,23,-34.6320,342.1566
232,23,-34.9632,342.1300
233,23,-35.2981,342.1050
234,23,-35.6367,342.0817
235,23,-35.9788,342.0599
236,23,-36.3243,342.0397
237,23,-36.6731,342.0211
238,23,-37.0252,342.0040
239,23,-37.3804,341.9884
240,23,-37.7386,341.9743
241,23,-38.0998,341.9616
242,23,-38.4638,341.9503
243,23,-38.8305,341.9403
244,23,-39.1998,341.9315
245,23,-39.5717,341.9240
246,23,-39.9459,341.9176
247,23,-40.3225,341.9123
248,23,-40.7013,341.9081
249,23,-41.0821,341.9048
250,23,-41.4650,341.9023
251,23,-41.8497,341.9006
252,23,-42.2362,341.8996
253,23,-42.6243,341.8992
254,23,-43.0141,341.8993
255,23,-43.4052,341.8998
256,23,-43.7977,341.9006
257,23,-44.1915,341.9016
258,23,-44.5863,341.9027
259,23,-44.9822,341.9036
260,23,-45.3789,341.9044
261,23,-45.7764,341.9049
262,23,-46.1746,341.9050
263,23,-46.5734,341.9045
264,23,-46.9726,341.9033
265,23,-47.3721,341.9011
266,23,-47.7719,341.8980
267,23,-48.1718,341.8937
268,23,-48.5716,341.8881
269,23,-48.9713,341.8810
270,23,-49.3708,341.8722
271,23,-49.7699,341.8616
272,23,-50.1686,341.8490
273,23,-50.5666,341.8341
274,23,-50.9640,341.8170
275,23,-51.3604,341.7972
276,23,-51.7560,341.7748
277,23,-52.1505,341.7493
278,23,-52.5437,341.7208
279,23,-52.9357,341.6889
280,23,-53.3262,341.6535
281,23,-53.7152,341.6144
282,23,-54.1024,341.5713
283,23,-54.4879,341.5241
284,23,-54.8714,341.4726
285,23,-55.2528,341.4164
286,23,-55.6321,341.3555
287,23,-56.0090,341.2897
288,23,-56.3835,341.2186
289,23,-56.7554,341.1421
290,23,-57.1245,341.0600
291,23,-57.4909,340.9720
292,23,-57.8542,340.8780
293,23,-58.2144,340.7778
294,23,-58.5714,340.6711
295,23,-58.9250,340.5577
296,23,-59.2751,340.4375
297,23,-59.6215,340.3103
298,23,-59.9642,340.1758
299,23,-60.3029,340.0340
300,23,-60.6375,339.8845
301,23,-60.9679,339.7273
302,23,-61.2940,339.5622
303,23,-61.6155,339.3890
304,23,-61.9325,339.2076
305,23,-62.2447,339.0180
306,23,-62.5519,338.8199
307,23,-62.8542,338.6133
308,23,-63.1512,338.3981
309,23,-63.4429,338.1742
310,23,-63.7291,337.9416
311,23,-64.0098,337.7003
312,23,-64.2847,337.4502
313,23,-64.5537,337.1914
314,23,-64.8167,336.9239
315,23,-65.0736,336.6478
316,23,-65.3242,336.3631
317,23,-65.5684,336.0700
318,23,-65.8061,335.7686
319,23,-66.0372,335.4591
320,23,-66.2615,335.1417
321,23,-66.4789,334.8166
322,23,-66.6893,334.4840
323,23,-66.8926,334.1444
324,23,-67.0888,333.7979
325,23,-67.2776,333.4449
326,23,-67.4591,333.0859
327,23,-67.6331,332.7212
328,23,-67.7995,332.3513
329,23,-67.9583,331.9767
330,23,-68.1094,331.5979
331,23,-68.2527,331.2154
332,23,-68.3882,330.8298
333,23,-68.5158,330.4417
334,23,-68.6355,330.0516
335,23,-68.7473,329.6603
336,23,-68.8511,329.2684
337,23,-68.9468,328.8766
338,23,-69.0345,328.4854
339,23,-69.1142,328.0957
340,23,-69.1859,327.7082
341,23,-69.2495,327.3234
342,23,-69.3052,326.9422
343,23,-69.3528,326.5652
344,23,-69.3925,326.1932
345,23,-69.4242,325.8268
346,23,-69.4481,325.4666
347,23,-69.4641,325.1134
348,23,-69.4724,324.7679
349,23,-69.4729,324.4305
350,23,-69.4657,324.1019
351,23,-69.4510,323.7828
352,23,-69.4287,323.4735
353,23,-69.3990,323.1747
354,23,-69.3619,322.8869
355,23,-69.3176,322.6103
356,23,-69.2661,322.3456
357,23,-69.2074,322.0930
358,23,-69.1418,321.8529
359,23,-69.0693,321.6257
360,23,-68.9899,321.4115
361,23,-68.9038,321.2106
362,23,-68.8112,321.0232
363,23,-68.7120,320.8494
364,23,-68.6064,320.6895
365,23,-68.4944,320.5435
